game_date,home_name,away_name,home_score,away_score,home_win
2025-03-27,New York Yankees,Milwaukee Brewers,4,2,1
2025-03-27,Toronto Blue Jays,Baltimore Orioles,2,12,0
2025-03-27,Texas Rangers,Boston Red Sox,2,5,0
2025-03-27,Washington Nationals,Philadelphia Phillies,3,7,0
2025-03-27,Kansas City Royals,Cleveland Guardians,4,7,0
2025-03-27,Houston Astros,New York Mets,3,1,1
2025-03-27,Cincinnati Reds,San Francisco Giants,4,6,0
2025-03-27,San Diego Padres,Atlanta Braves,7,4,1
2025-03-27,Chicago White Sox,Los Angeles Angels,8,1,1
2025-03-27,Miami Marlins,Pittsburgh Pirates,5,4,1
2025-03-27,St. Louis Cardinals,Minnesota Twins,5,3,1
2025-03-27,Los Angeles Dodgers,Detroit Tigers,5,4,1
2025-03-27,Arizona Diamondbacks,Chicago Cubs,6,10,0
2025-03-27,Seattle Mariners,Athletics,4,2,1
2025-03-28,Tampa Bay Rays,Colorado Rockies,3,2,1
2025-03-28,Toronto Blue Jays,Baltimore Orioles,8,2,1
2025-03-28,Miami Marlins,Pittsburgh Pirates,3,4,0
2025-03-28,Texas Rangers,Boston Red Sox,4,1,1
2025-03-28,Houston Astros,New York Mets,1,3,0
2025-03-28,Arizona Diamondbacks,Chicago Cubs,8,1,1
2025-03-28,Seattle Mariners,Athletics,0,7,0
2025-03-28,San Diego Padres,Atlanta Braves,4,3,1
2025-03-28,Los Angeles Dodgers,Detroit Tigers,8,5,1
2025-03-29,New York Yankees,Milwaukee Brewers,20,9,1
2025-03-29,Chicago White Sox,Los Angeles Angels,0,1,0
2025-03-29,St. Louis Cardinals,Minnesota Twins,5,1,1
2025-03-29,Toronto Blue Jays,Baltimore Orioles,5,9,0
2025-03-29,Washington Nationals,Philadelphia Phillies,6,11,0
2025-03-29,Kansas City Royals,Cleveland Guardians,4,3,1
2025-03-29,Cincinnati Reds,San Francisco Giants,3,2,1
2025-03-29,Tampa Bay Rays,Colorado Rockies,1,2,0
2025-03-29,Miami Marlins,Pittsburgh Pirates,5,4,1
2025-03-29,Texas Rangers,Boston Red Sox,4,3,1
2025-03-29,Houston Astros,New York Mets,2,1,1
2025-03-29,San Diego Padres,Atlanta Braves,1,0,1
2025-03-29,Arizona Diamondbacks,Chicago Cubs,3,4,0
2025-03-29,Los Angeles Dodgers,Detroit Tigers,7,3,1
2025-03-29,Seattle Mariners,Athletics,2,4,0
2025-03-30,Washington Nationals,Philadelphia Phillies,5,1,1
2025-03-30,New York Yankees,Milwaukee Brewers,12,3,1
2025-03-30,Toronto Blue Jays,Baltimore Orioles,3,1,1
2025-03-30,Cincinnati Reds,San Francisco Giants,3,6,0
2025-03-30,Tampa Bay Rays,Colorado Rockies,6,4,1
2025-03-30,Miami Marlins,Pittsburgh Pirates,3,2,1
2025-03-30,Kansas City Royals,Cleveland Guardians,2,6,0
2025-03-30,Chicago White Sox,Los Angeles Angels,2,3,0
2025-03-30,St. Louis Cardinals,Minnesota Twins,9,2,1
2025-03-30,Texas Rangers,Boston Red Sox,3,2,1
2025-03-30,Arizona Diamondbacks,Chicago Cubs,10,6,1
2025-03-30,Seattle Mariners,Athletics,2,1,1
2025-03-30,San Diego Padres,Atlanta Braves,5,0,1
2025-03-31,Chicago White Sox,Minnesota Twins,9,0,1
2025-03-31,Milwaukee Brewers,Kansas City Royals,1,11,0
2025-03-31,Baltimore Orioles,Boston Red Sox,8,5,1
2025-03-31,Philadelphia Phillies,Colorado Rockies,6,1,1
2025-03-31,Cincinnati Reds,Texas Rangers,14,3,1
2025-03-31,Miami Marlins,New York Mets,4,10,0
2025-03-31,Tampa Bay Rays,Pittsburgh Pirates,6,1,1
2025-03-31,Toronto Blue Jays,Washington Nationals,5,2,1
2025-03-31,St. Louis Cardinals,Los Angeles Angels,4,5,0
2025-03-31,Houston Astros,San Francisco Giants,2,7,0
2025-03-31,San Diego Padres,Cleveland Guardians,7,2,1
2025-03-31,Seattle Mariners,Detroit Tigers,6,9,0
2025-03-31,Athletics,Chicago Cubs,3,18,0
2025-03-31,Los Angeles Dodgers,Atlanta Braves,6,1,1
2025-04-01,Cincinnati Reds,Texas Rangers,0,1,0
2025-04-01,Miami Marlins,New York Mets,4,2,1
2025-04-01,Tampa Bay Rays,Pittsburgh Pirates,7,0,1
2025-04-01,New York Yankees,Arizona Diamondbacks,5,7,0
2025-04-01,Toronto Blue Jays,Washington Nationals,5,3,1
2025-04-01,Chicago White Sox,Minnesota Twins,3,8,0
2025-04-01,Milwaukee Brewers,Kansas City Royals,5,0,1
2025-04-01,St. Louis Cardinals,Los Angeles Angels,7,9,0
2025-04-01,Houston Astros,San Francisco Giants,1,3,0
2025-04-01,San Diego Padres,Cleveland Guardians,7,0,1
2025-04-01,Seattle Mariners,Detroit Tigers,1,4,0
2025-04-01,Athletics,Chicago Cubs,4,7,0
2025-04-01,Los Angeles Dodgers,Atlanta Braves,3,1,1
2025-04-02,Cincinnati Reds,Texas Rangers,0,1,0
2025-04-02,Tampa Bay Rays,Pittsburgh Pirates,2,4,0
2025-04-02,Milwaukee Brewers,Kansas City Royals,3,2,1
2025-04-02,St. Louis Cardinals,Los Angeles Angels,12,5,1
2025-04-02,Chicago White Sox,Minnesota Twins,1,6,0
2025-04-02,Toronto Blue Jays,Washington Nationals,4,2,1
2025-04-02,Athletics,Chicago Cubs,2,10,0
2025-04-02,San Diego Padres,Cleveland Guardians,5,2,1
2025-04-02,Seattle Mariners,Detroit Tigers,3,2,1
2025-04-02,Houston Astros,San Francisco Giants,3,6,0
2025-04-02,Miami Marlins,New York Mets,5,6,0
2025-04-02,Baltimore Orioles,Boston Red Sox,0,3,0
2025-04-02,Philadelphia Phillies,Colorado Rockies,5,1,1
2025-04-02,New York Yankees,Arizona Diamondbacks,3,4,0
2025-04-02,Los Angeles Dodgers,Atlanta Braves,6,5,1
2025-04-03,Baltimore Orioles,Boston Red Sox,4,8,0
2025-04-03,Philadelphia Phillies,Colorado Rockies,3,1,1
2025-04-03,Minnesota Twins,Houston Astros,2,5,0
2025-04-03,New York Yankees,Arizona Diamondbacks,9,7,1
2025-04-03,Milwaukee Brewers,Cincinnati Reds,1,0,1
2025-04-04,Detroit Tigers,Chicago White Sox,7,4,1
2025-04-04,Boston Red Sox,St. Louis Cardinals,13,9,1
2025-04-04,Chicago Cubs,San Diego Padres,3,1,1
2025-04-04,New York Mets,Toronto Blue Jays,5,0,1
2025-04-04,Colorado Rockies,Athletics,3,6,0
2025-04-04,Pittsburgh Pirates,New York Yankees,4,9,0
2025-04-04,San Francisco Giants,Seattle Mariners,10,9,1
2025-04-04,Washington Nationals,Arizona Diamondbacks,4,6,0
2025-04-04,Philadelphia Phillies,Los Angeles Dodgers,3,2,1
2025-04-04,Atlanta Braves,Miami Marlins,10,0,1
2025-04-04,Kansas City Royals,Baltimore Orioles,8,2,1
2025-04-04,Texas Rangers,Tampa Bay Rays,5,2,1
2025-04-04,Milwaukee Brewers,Cincinnati Reds,3,2,1
2025-04-04,Los Angeles Angels,Cleveland Guardians,6,8,0
2025-04-05,Detroit Tigers,Chicago White Sox,7,2,1
2025-04-05,Minnesota Twins,Houston Astros,6,1,1
2025-04-05,Chicago Cubs,San Diego Padres,7,1,1
2025-04-05,Washington Nationals,Arizona Diamondbacks,4,3,1
2025-04-05,Philadelphia Phillies,Los Angeles Dodgers,1,3,0
2025-04-05,Pittsburgh Pirates,New York Yankees,4,10,0
2025-04-05,Kansas City Royals,Baltimore Orioles,1,8,0
2025-04-05,Texas Rangers,Tampa Bay Rays,6,4,1
2025-04-05,New York Mets,Toronto Blue Jays,3,2,1
2025-04-05,Milwaukee Brewers,Cincinnati Reds,7,11,0
2025-04-05,Atlanta Braves,Miami Marlins,0,4,0
2025-04-05,Colorado Rockies,Athletics,4,7,0
2025-04-05,San Francisco Giants,Seattle Mariners,4,1,1
2025-04-05,Los Angeles Angels,Cleveland Guardians,10,4,1
2025-04-06,Washington Nationals,Arizona Diamondbacks,5,4,1
2025-04-06,Boston Red Sox,St. Louis Cardinals,5,4,1
2025-04-06,Boston Red Sox,St. Louis Cardinals,18,7,1
2025-04-06,Philadelphia Phillies,Los Angeles Dodgers,8,7,1
2025-04-06,Pittsburgh Pirates,New York Yankees,5,4,1
2025-04-06,New York Mets,Toronto Blue Jays,2,1,1
2025-04-06,Detroit Tigers,Chicago White Sox,4,3,1
2025-04-06,Kansas City Royals,Baltimore Orioles,4,1,1
2025-04-06,Minnesota Twins,Houston Astros,7,9,0
2025-04-06,Milwaukee Brewers,Cincinnati Reds,8,2,1
2025-04-06,Chicago Cubs,San Diego Padres,7,8,0
2025-04-06,Texas Rangers,Tampa Bay Rays,4,3,1
2025-04-06,Colorado Rockies,Athletics,12,5,1
2025-04-06,San Francisco Giants,Seattle Mariners,5,4,1
2025-04-06,Los Angeles Angels,Cleveland Guardians,6,2,1
2025-04-07,Detroit Tigers,New York Yankees,6,2,1
2025-04-07,Pittsburgh Pirates,St. Louis Cardinals,8,4,1
2025-04-07,Washington Nationals,Los Angeles Dodgers,6,4,1
2025-04-07,Boston Red Sox,Toronto Blue Jays,2,6,0
2025-04-07,New York Mets,Miami Marlins,2,0,1
2025-04-07,Chicago Cubs,Texas Rangers,7,0,1
2025-04-07,Kansas City Royals,Minnesota Twins,4,2,1
2025-04-07,Arizona Diamondbacks,Baltimore Orioles,1,5,0
2025-04-07,Seattle Mariners,Houston Astros,4,3,1
2025-04-07,San Francisco Giants,Cincinnati Reds,0,2,0
2025-04-07,Athletics,San Diego Padres,4,5,0
2025-04-08,Detroit Tigers,New York Yankees,5,0,1
2025-04-08,Cleveland Guardians,Chicago White Sox,1,0,1
2025-04-08,New York Mets,Miami Marlins,10,5,1
2025-04-08,Pittsburgh Pirates,St. Louis Cardinals,3,5,0
2025-04-08,Washington Nationals,Los Angeles Dodgers,8,2,1
2025-04-08,Boston Red Sox,Toronto Blue Jays,1,6,0
2025-04-08,Tampa Bay Rays,Los Angeles Angels,3,4,0
2025-04-08,Atlanta Braves,Philadelphia Phillies,7,5,1
2025-04-08,Chicago Cubs,Texas Rangers,10,6,1
2025-04-08,Kansas City Royals,Minnesota Twins,2,1,1
2025-04-08,Colorado Rockies,Milwaukee Brewers,1,7,0
2025-04-08,Arizona Diamondbacks,Baltimore Orioles,4,3,1
2025-04-08,Seattle Mariners,Houston Astros,1,2,0
2025-04-08,San Francisco Giants,Cincinnati Reds,0,1,0
2025-04-08,Athletics,San Diego Padres,10,4,1
2025-04-09,Pittsburgh Pirates,St. Louis Cardinals,2,1,1
2025-04-09,New York Mets,Miami Marlins,0,5,0
2025-04-09,Detroit Tigers,New York Yankees,3,4,0
2025-04-09,Chicago Cubs,Texas Rangers,2,6,0
2025-04-09,Athletics,San Diego Padres,1,2,0
2025-04-09,Arizona Diamondbacks,Baltimore Orioles,9,0,1
2025-04-09,San Francisco Giants,Cincinnati Reds,8,6,1
2025-04-09,Washington Nationals,Los Angeles Dodgers,5,6,0
2025-04-09,Seattle Mariners,Houston Astros,7,6,1
2025-04-09,Cleveland Guardians,Chicago White Sox,3,2,1
2025-04-09,Boston Red Sox,Toronto Blue Jays,1,2,0
2025-04-09,Tampa Bay Rays,Los Angeles Angels,5,4,1
2025-04-09,Atlanta Braves,Philadelphia Phillies,3,4,0
2025-04-09,Kansas City Royals,Minnesota Twins,0,4,0
2025-04-09,Colorado Rockies,Milwaukee Brewers,2,17,0
2025-04-10,Tampa Bay Rays,Los Angeles Angels,1,11,0
2025-04-10,Cleveland Guardians,Chicago White Sox,6,1,1
2025-04-10,Kansas City Royals,Minnesota Twins,3,2,1
2025-04-10,Colorado Rockies,Milwaukee Brewers,7,2,1
2025-04-10,Boston Red Sox,Toronto Blue Jays,4,3,1
2025-04-10,Atlanta Braves,Philadelphia Phillies,4,2,1
2025-04-11,Cleveland Guardians,Kansas City Royals,7,0,1
2025-04-11,Cincinnati Reds,Pittsburgh Pirates,5,3,1
2025-04-11,Tampa Bay Rays,Atlanta Braves,6,3,1
2025-04-11,Miami Marlins,Washington Nationals,4,7,0
2025-04-11,Chicago White Sox,Boston Red Sox,11,1,1
2025-04-11,Houston Astros,Los Angeles Angels,14,3,1
2025-04-11,Minnesota Twins,Detroit Tigers,6,7,0
2025-04-11,St. Louis Cardinals,Philadelphia Phillies,2,0,1
2025-04-11,San Diego Padres,Colorado Rockies,8,0,1
2025-04-11,Seattle Mariners,Texas Rangers,5,3,1
2025-04-11,Arizona Diamondbacks,Milwaukee Brewers,0,7,0
2025-04-11,Athletics,New York Mets,6,7,0
2025-04-11,Los Angeles Dodgers,Chicago Cubs,3,0,1
2025-04-12,Minnesota Twins,Detroit Tigers,0,4,0
2025-04-12,St. Louis Cardinals,Philadelphia Phillies,1,4,0
2025-04-12,New York Yankees,San Francisco Giants,8,4,1
2025-04-12,Athletics,New York Mets,3,1,1
2025-04-12,Baltimore Orioles,Toronto Blue Jays,5,4,1
2025-04-12,Tampa Bay Rays,Atlanta Braves,4,5,0
2025-04-12,Chicago White Sox,Boston Red Sox,3,2,1
2025-04-12,Miami Marlins,Washington Nationals,7,6,1
2025-04-12,Cleveland Guardians,Kansas City Royals,6,3,1
2025-04-12,Cincinnati Reds,Pittsburgh Pirates,5,2,1
2025-04-12,Houston Astros,Los Angeles Angels,1,4,0
2025-04-12,Arizona Diamondbacks,Milwaukee Brewers,5,4,1
2025-04-12,San Diego Padres,Colorado Rockies,2,0,1
2025-04-12,Los Angeles Dodgers,Chicago Cubs,0,16,0
2025-04-12,Seattle Mariners,Texas Rangers,9,2,1
2025-04-13,Baltimore Orioles,Toronto Blue Jays,6,7,0
2025-04-13,New York Yankees,San Francisco Giants,4,5,0
2025-04-13,Cleveland Guardians,Kansas City Royals,2,4,0
2025-04-13,Cincinnati Reds,Pittsburgh Pirates,4,0,1
2025-04-13,Tampa Bay Rays,Atlanta Braves,8,3,1
2025-04-13,Miami Marlins,Washington Nationals,11,4,1
2025-04-13,Houston Astros,Los Angeles Angels,7,3,1
2025-04-13,Minnesota Twins,Detroit Tigers,5,1,1
2025-04-13,Chicago White Sox,Boston Red Sox,1,3,0
2025-04-13,St. Louis Cardinals,Philadelphia Phillies,7,0,1
2025-04-13,Athletics,New York Mets,0,8,0
2025-04-13,San Diego Padres,Colorado Rockies,6,0,1
2025-04-13,Seattle Mariners,Texas Rangers,3,1,1
2025-04-13,Arizona Diamondbacks,Milwaukee Brewers,5,2,1
2025-04-13,Los Angeles Dodgers,Chicago Cubs,2,4,0
2025-04-14,Pittsburgh Pirates,Washington Nationals,10,3,1
2025-04-14,Philadelphia Phillies,San Francisco Giants,4,10,0
2025-04-14,Tampa Bay Rays,Boston Red Sox,16,1,1
2025-04-14,New York Yankees,Kansas City Royals,4,1,1
2025-04-14,Toronto Blue Jays,Atlanta Braves,4,8,0
2025-04-14,Minnesota Twins,New York Mets,1,5,0
2025-04-14,Milwaukee Brewers,Detroit Tigers,1,9,0
2025-04-14,St. Louis Cardinals,Houston Astros,8,3,1
2025-04-14,San Diego Padres,Chicago Cubs,10,4,1
2025-04-14,Los Angeles Dodgers,Colorado Rockies,5,3,1
2025-04-15,Pittsburgh Pirates,Washington Nationals,0,3,0
2025-04-15,Cincinnati Reds,Seattle Mariners,8,4,1
2025-04-15,Miami Marlins,Arizona Diamondbacks,4,10,0
2025-04-15,Philadelphia Phillies,San Francisco Giants,6,4,1
2025-04-15,Baltimore Orioles,Cleveland Guardians,3,6,0
2025-04-15,Tampa Bay Rays,Boston Red Sox,4,7,0
2025-04-15,New York Yankees,Kansas City Royals,4,2,1
2025-04-15,Toronto Blue Jays,Atlanta Braves,6,3,1
2025-04-15,Minnesota Twins,New York Mets,6,3,1
2025-04-15,Chicago White Sox,Athletics,3,12,0
2025-04-15,Milwaukee Brewers,Detroit Tigers,5,0,1
2025-04-15,St. Louis Cardinals,Houston Astros,0,2,0
2025-04-15,Texas Rangers,Los Angeles Angels,4,0,1
2025-04-15,San Diego Padres,Chicago Cubs,1,2,0
2025-04-15,Los Angeles Dodgers,Colorado Rockies,6,2,1
2025-04-16,Toronto Blue Jays,Atlanta Braves,3,1,1
2025-04-16,Minnesota Twins,New York Mets,4,3,1
2025-04-16,Milwaukee Brewers,Detroit Tigers,5,1,1
2025-04-16,St. Louis Cardinals,Houston Astros,4,1,1
2025-04-16,San Diego Padres,Chicago Cubs,4,2,1
2025-04-16,Baltimore Orioles,Cleveland Guardians,9,1,1
2025-04-16,Pittsburgh Pirates,Washington Nationals,6,1,1
2025-04-16,Cincinnati Reds,Seattle Mariners,3,5,0
2025-04-16,Miami Marlins,Arizona Diamondbacks,2,6,0
2025-04-16,Philadelphia Phillies,San Francisco Giants,4,11,0
2025-04-16,Tampa Bay Rays,Boston Red Sox,0,1,0
2025-04-16,New York Yankees,Kansas City Royals,4,3,1
2025-04-16,Chicago White Sox,Athletics,1,3,0
2025-04-16,Texas Rangers,Los Angeles Angels,3,1,1
2025-04-16,Los Angeles Dodgers,Colorado Rockies,8,7,1
2025-04-17,Miami Marlins,Arizona Diamondbacks,4,6,0
2025-04-17,Pittsburgh Pirates,Washington Nationals,1,0,1
2025-04-17,Cincinnati Reds,Seattle Mariners,7,11,0
2025-04-17,Chicago White Sox,Athletics,0,8,0
2025-04-17,Philadelphia Phillies,San Francisco Giants,6,4,1
2025-04-17,Baltimore Orioles,Cleveland Guardians,6,2,1
2025-04-17,Detroit Tigers,Kansas City Royals,6,1,1
2025-04-17,Tampa Bay Rays,New York Yankees,3,6,0
2025-04-17,New York Mets,St. Louis Cardinals,4,1,1
2025-04-17,Texas Rangers,Los Angeles Angels,5,3,1
2025-04-18,Chicago Cubs,Arizona Diamondbacks,13,11,1
2025-04-18,Detroit Tigers,Kansas City Royals,7,3,1
2025-04-18,Pittsburgh Pirates,Cleveland Guardians,7,10,0
2025-04-18,Philadelphia Phillies,Miami Marlins,7,2,1
2025-04-18,Baltimore Orioles,Cincinnati Reds,3,8,0
2025-04-18,Tampa Bay Rays,New York Yankees,0,1,0
2025-04-18,Toronto Blue Jays,Seattle Mariners,3,1,1
2025-04-18,New York Mets,St. Louis Cardinals,5,4,1
2025-04-18,Boston Red Sox,Chicago White Sox,10,3,1
2025-04-18,Atlanta Braves,Minnesota Twins,6,4,1
2025-04-18,Texas Rangers,Los Angeles Dodgers,0,3,0
2025-04-18,Houston Astros,San Diego Padres,6,4,1
2025-04-18,Milwaukee Brewers,Athletics,5,3,1
2025-04-18,Los Angeles Angels,San Francisco Giants,2,0,1
2025-04-19,Philadelphia Phillies,Miami Marlins,11,10,1
2025-04-19,Detroit Tigers,Kansas City Royals,3,1,1
2025-04-19,Chicago Cubs,Arizona Diamondbacks,6,2,1
2025-04-19,Toronto Blue Jays,Seattle Mariners,4,8,0
2025-04-19,Baltimore Orioles,Cincinnati Reds,9,5,1
2025-04-19,Pittsburgh Pirates,Cleveland Guardians,0,3,0
2025-04-19,New York Mets,St. Louis Cardinals,3,0,1
2025-04-19,Texas Rangers,Los Angeles Dodgers,4,3,1
2025-04-19,Colorado Rockies,Washington Nationals,11,12,0
2025-04-19,Boston Red Sox,Chicago White Sox,4,3,1
2025-04-19,Tampa Bay Rays,New York Yankees,10,8,1
2025-04-19,Houston Astros,San Diego Padres,3,2,1
2025-04-19,Milwaukee Brewers,Athletics,1,3,0
2025-04-19,Atlanta Braves,Minnesota Twins,4,3,1
2025-04-19,Los Angeles Angels,San Francisco Giants,2,3,0
2025-04-20,Baltimore Orioles,Cincinnati Reds,2,24,0
2025-04-20,Pittsburgh Pirates,Cleveland Guardians,4,5,0
2025-04-20,Atlanta Braves,Minnesota Twins,6,2,1
2025-04-20,Boston Red Sox,Chicago White Sox,4,8,0
2025-04-20,Philadelphia Phillies,Miami Marlins,5,7,0
2025-04-20,Toronto Blue Jays,Seattle Mariners,3,8,0
2025-04-20,Detroit Tigers,Kansas City Royals,3,4,0
2025-04-20,New York Mets,St. Louis Cardinals,7,4,1
2025-04-20,Tampa Bay Rays,New York Yankees,0,4,0
2025-04-20,Milwaukee Brewers,Athletics,14,1,1
2025-04-20,Chicago Cubs,Arizona Diamondbacks,2,3,0
2025-04-20,Texas Rangers,Los Angeles Dodgers,0,1,0
2025-04-20,Colorado Rockies,Washington Nationals,2,3,0
2025-04-20,Colorado Rockies,Washington Nationals,3,1,1
2025-04-20,Los Angeles Angels,San Francisco Giants,5,4,1
2025-04-20,Houston Astros,San Diego Padres,2,3,0
2025-04-21,Boston Red Sox,Chicago White Sox,4,2,1
2025-04-21,Cleveland Guardians,New York Yankees,6,4,1
2025-04-21,Detroit Tigers,San Diego Padres,6,4,1
2025-04-21,Miami Marlins,Cincinnati Reds,6,3,1
2025-04-21,New York Mets,Philadelphia Phillies,5,4,1
2025-04-21,Atlanta Braves,St. Louis Cardinals,7,6,1
2025-04-21,Houston Astros,Toronto Blue Jays,7,0,1
2025-04-21,San Francisco Giants,Milwaukee Brewers,5,2,1
2025-04-22,Cleveland Guardians,New York Yankees,3,2,1
2025-04-22,Detroit Tigers,San Diego Padres,0,2,0
2025-04-22,Miami Marlins,Cincinnati Reds,4,3,1
2025-04-22,Washington Nationals,Baltimore Orioles,7,0,1
2025-04-22,Boston Red Sox,Seattle Mariners,8,3,1
2025-04-22,New York Mets,Philadelphia Phillies,5,1,1
2025-04-22,Atlanta Braves,St. Louis Cardinals,4,10,0
2025-04-22,Kansas City Royals,Colorado Rockies,4,3,1
2025-04-22,Chicago Cubs,Los Angeles Dodgers,11,10,1
2025-04-22,Minnesota Twins,Chicago White Sox,4,2,1
2025-04-22,Houston Astros,Toronto Blue Jays,5,1,1
2025-04-22,Los Angeles Angels,Pittsburgh Pirates,3,9,0
2025-04-22,Arizona Diamondbacks,Tampa Bay Rays,5,1,1
2025-04-22,San Francisco Giants,Milwaukee Brewers,3,11,0
2025-04-22,Athletics,Texas Rangers,5,8,0
2025-04-23,Atlanta Braves,St. Louis Cardinals,4,1,1
2025-04-23,Detroit Tigers,San Diego Padres,6,0,1
2025-04-23,New York Mets,Philadelphia Phillies,4,3,1
2025-04-23,Miami Marlins,Cincinnati Reds,2,5,0
2025-04-23,Cleveland Guardians,New York Yankees,1,5,0
2025-04-23,Washington Nationals,Baltimore Orioles,4,3,1
2025-04-23,Boston Red Sox,Seattle Mariners,5,8,0
2025-04-23,Chicago Cubs,Los Angeles Dodgers,7,6,1
2025-04-23,Houston Astros,Toronto Blue Jays,3,1,1
2025-04-23,Minnesota Twins,Chicago White Sox,6,3,1
2025-04-23,Los Angeles Angels,Pittsburgh Pirates,0,3,0
2025-04-23,Arizona Diamondbacks,Tampa Bay Rays,6,7,0
2025-04-23,San Francisco Giants,Milwaukee Brewers,4,2,1
2025-04-23,Athletics,Texas Rangers,5,2,1
2025-04-24,Boston Red Sox,Seattle Mariners,3,4,0
2025-04-24,Kansas City Royals,Colorado Rockies,7,4,1
2025-04-24,Kansas City Royals,Colorado Rockies,6,2,1
2025-04-24,San Francisco Giants,Milwaukee Brewers,6,5,1
2025-04-24,Washington Nationals,Baltimore Orioles,1,2,0
2025-04-24,Los Angeles Angels,Pittsburgh Pirates,4,3,1
2025-04-24,Arizona Diamondbacks,Tampa Bay Rays,4,7,0
2025-04-24,Athletics,Texas Rangers,4,3,1
2025-04-25,Chicago Cubs,Philadelphia Phillies,4,0,1
2025-04-25,Washington Nationals,New York Mets,5,4,1
2025-04-25,New York Yankees,Toronto Blue Jays,2,4,0
2025-04-25,Kansas City Royals,Houston Astros,2,0,1
2025-04-25,Minnesota Twins,Los Angeles Angels,11,4,1
2025-04-25,St. Louis Cardinals,Milwaukee Brewers,3,2,1
2025-04-25,Colorado Rockies,Cincinnati Reds,7,8,0
2025-04-25,San Diego Padres,Tampa Bay Rays,0,1,0
2025-04-25,Arizona Diamondbacks,Atlanta Braves,2,8,0
2025-04-25,Seattle Mariners,Miami Marlins,4,8,0
2025-04-25,Athletics,Chicago White Sox,6,5,1
2025-04-25,Los Angeles Dodgers,Pittsburgh Pirates,0,3,0
2025-04-25,San Francisco Giants,Texas Rangers,0,2,0
2025-04-26,Cleveland Guardians,Boston Red Sox,5,4,1
2025-04-26,Cleveland Guardians,Boston Red Sox,3,7,0
2025-04-26,Detroit Tigers,Baltimore Orioles,4,3,1
2025-04-26,Detroit Tigers,Baltimore Orioles,6,2,1
2025-04-26,Minnesota Twins,Los Angeles Angels,5,1,1
2025-04-26,St. Louis Cardinals,Milwaukee Brewers,6,5,1
2025-04-26,Colorado Rockies,Cincinnati Reds,4,6,0
2025-04-26,Washington Nationals,New York Mets,0,2,0
2025-04-26,San Francisco Giants,Texas Rangers,3,2,1
2025-04-26,Chicago Cubs,Philadelphia Phillies,4,10,0
2025-04-26,Athletics,Chicago White Sox,3,10,0
2025-04-26,Kansas City Royals,Houston Astros,2,0,1
2025-04-26,Arizona Diamondbacks,Atlanta Braves,7,8,0
2025-04-26,San Diego Padres,Tampa Bay Rays,1,4,0
2025-04-26,Los Angeles Dodgers,Pittsburgh Pirates,8,4,1
2025-04-26,Seattle Mariners,Miami Marlins,14,0,1
2025-04-27,Washington Nationals,New York Mets,8,7,1
2025-04-27,New York Yankees,Toronto Blue Jays,11,2,1
2025-04-27,New York Yankees,Toronto Blue Jays,5,1,1
2025-04-27,Cleveland Guardians,Boston Red Sox,3,13,0
2025-04-27,Detroit Tigers,Baltimore Orioles,7,0,1
2025-04-27,Minnesota Twins,Los Angeles Angels,5,0,1
2025-04-27,Kansas City Royals,Houston Astros,3,7,0
2025-04-27,St. Louis Cardinals,Milwaukee Brewers,1,7,0
2025-04-27,Colorado Rockies,Cincinnati Reds,1,8,0
2025-04-27,San Francisco Giants,Texas Rangers,3,2,1
2025-04-27,Athletics,Chicago White Sox,3,2,1
2025-04-27,Los Angeles Dodgers,Pittsburgh Pirates,9,2,1
2025-04-27,San Diego Padres,Tampa Bay Rays,2,4,0
2025-04-27,Arizona Diamondbacks,Atlanta Braves,6,4,1
2025-04-27,Seattle Mariners,Miami Marlins,7,6,1
2025-04-27,Chicago Cubs,Philadelphia Phillies,1,3,0
2025-04-28,Washington Nationals,New York Mets,5,19,0
2025-04-28,Cleveland Guardians,Minnesota Twins,1,11,0
2025-04-28,Baltimore Orioles,New York Yankees,4,3,1
2025-04-28,Cincinnati Reds,St. Louis Cardinals,3,1,1
2025-04-28,Texas Rangers,Athletics,1,2,0
2025-04-28,Houston Astros,Detroit Tigers,8,5,1
2025-04-28,Colorado Rockies,Atlanta Braves,3,6,0
2025-04-28,Los Angeles Dodgers,Miami Marlins,7,6,1
2025-04-29,Cleveland Guardians,Minnesota Twins,2,1,1
2025-04-29,Baltimore Orioles,New York Yankees,3,15,0
2025-04-29,Pittsburgh Pirates,Chicago Cubs,0,9,0
2025-04-29,Philadelphia Phillies,Washington Nationals,7,6,1
2025-04-29,Tampa Bay Rays,Kansas City Royals,1,3,0
2025-04-29,Toronto Blue Jays,Boston Red Sox,2,10,0
2025-04-29,New York Mets,Arizona Diamondbacks,8,3,1
2025-04-29,Chicago White Sox,Milwaukee Brewers,2,7,0
2025-04-29,Texas Rangers,Athletics,15,2,1
2025-04-29,Houston Astros,Detroit Tigers,6,4,1
2025-04-29,Colorado Rockies,Atlanta Braves,2,8,0
2025-04-29,Seattle Mariners,Los Angeles Angels,5,3,1
2025-04-29,San Diego Padres,San Francisco Giants,7,4,1
2025-04-29,Los Angeles Dodgers,Miami Marlins,15,2,1
2025-04-30,Cincinnati Reds,St. Louis Cardinals,0,6,0
2025-04-30,Cincinnati Reds,St. Louis Cardinals,1,9,0
2025-04-30,Houston Astros,Detroit Tigers,4,7,0
2025-04-30,Colorado Rockies,Atlanta Braves,2,1,1
2025-04-30,Los Angeles Dodgers,Miami Marlins,12,7,1
2025-04-30,Seattle Mariners,Los Angeles Angels,9,3,1
2025-04-30,San Diego Padres,San Francisco Giants,5,3,1
2025-04-30,Cleveland Guardians,Minnesota Twins,4,2,1
2025-04-30,Baltimore Orioles,New York Yankees,5,4,1
2025-04-30,Pittsburgh Pirates,Chicago Cubs,4,3,1
2025-04-30,Philadelphia Phillies,Washington Nationals,7,2,1
2025-04-30,Tampa Bay Rays,Kansas City Royals,0,3,0
2025-04-30,Toronto Blue Jays,Boston Red Sox,7,6,1
2025-04-30,New York Mets,Arizona Diamondbacks,3,4,0
2025-04-30,Chicago White Sox,Milwaukee Brewers,4,6,0
2025-04-30,Texas Rangers,Athletics,1,7,0
2025-05-01,Pittsburgh Pirates,Chicago Cubs,3,8,0
2025-05-01,Cincinnati Reds,St. Louis Cardinals,9,1,1
2025-05-01,New York Mets,Arizona Diamondbacks,2,4,0
2025-05-01,Tampa Bay Rays,Kansas City Royals,2,8,0
2025-05-01,Cleveland Guardians,Minnesota Twins,4,3,1
2025-05-01,Chicago White Sox,Milwaukee Brewers,8,0,1
2025-05-01,Texas Rangers,Athletics,0,3,0
2025-05-01,Philadelphia Phillies,Washington Nationals,2,4,0
2025-05-01,Toronto Blue Jays,Boston Red Sox,4,2,1
2025-05-01,Los Angeles Angels,Detroit Tigers,4,10,0
2025-05-01,San Francisco Giants,Colorado Rockies,3,4,0
2025-05-02,Cincinnati Reds,Washington Nationals,6,1,1
2025-05-02,Pittsburgh Pirates,San Diego Padres,4,9,0
2025-05-02,Philadelphia Phillies,Arizona Diamondbacks,3,2,1
2025-05-02,Baltimore Orioles,Kansas City Royals,3,0,1
2025-05-02,New York Yankees,Tampa Bay Rays,3,0,1
2025-05-02,Toronto Blue Jays,Cleveland Guardians,5,3,1
2025-05-02,Boston Red Sox,Minnesota Twins,6,1,1
2025-05-02,Miami Marlins,Athletics,1,6,0
2025-05-02,Atlanta Braves,Los Angeles Dodgers,1,2,0
2025-05-02,Chicago White Sox,Houston Astros,7,3,1
2025-05-02,Texas Rangers,Seattle Mariners,1,13,0
2025-05-02,Milwaukee Brewers,Chicago Cubs,0,10,0
2025-05-02,St. Louis Cardinals,New York Mets,3,9,0
2025-05-02,Los Angeles Angels,Detroit Tigers,1,9,0
2025-05-02,San Francisco Giants,Colorado Rockies,4,0,1
2025-05-03,New York Yankees,Tampa Bay Rays,2,3,0
2025-05-03,Chicago White Sox,Houston Astros,3,8,0
2025-05-03,Toronto Blue Jays,Cleveland Guardians,3,5,0
2025-05-03,Pittsburgh Pirates,San Diego Padres,1,2,0
2025-05-03,San Francisco Giants,Colorado Rockies,6,3,1
2025-05-03,Boston Red Sox,Minnesota Twins,3,4,0
2025-05-03,Miami Marlins,Athletics,9,6,1
2025-05-03,Philadelphia Phillies,Arizona Diamondbacks,7,2,1
2025-05-03,Cincinnati Reds,Washington Nationals,6,11,0
2025-05-03,Texas Rangers,Seattle Mariners,1,2,0
2025-05-03,Milwaukee Brewers,Chicago Cubs,2,6,0
2025-05-03,Baltimore Orioles,Kansas City Royals,0,4,0
2025-05-03,Atlanta Braves,Los Angeles Dodgers,3,10,0
2025-05-03,Los Angeles Angels,Detroit Tigers,5,2,1
2025-05-04,St. Louis Cardinals,New York Mets,6,5,1
2025-05-04,St. Louis Cardinals,New York Mets,5,4,1
2025-05-04,Baltimore Orioles,Kansas City Royals,6,11,0
2025-05-04,Pittsburgh Pirates,San Diego Padres,0,4,0
2025-05-04,Boston Red Sox,Minnesota Twins,4,5,0
2025-05-04,New York Yankees,Tampa Bay Rays,5,7,0
2025-05-04,Toronto Blue Jays,Cleveland Guardians,4,5,0
2025-05-04,Miami Marlins,Athletics,2,3,0
2025-05-04,Philadelphia Phillies,Arizona Diamondbacks,9,11,0
2025-05-04,Milwaukee Brewers,Chicago Cubs,4,0,1
2025-05-04,Texas Rangers,Seattle Mariners,8,1,1
2025-05-04,San Francisco Giants,Colorado Rockies,9,3,1
2025-05-04,Los Angeles Angels,Detroit Tigers,1,13,0
2025-05-04,Cincinnati Reds,Washington Nationals,1,4,0
2025-05-04,Atlanta Braves,Los Angeles Dodgers,4,3,1
2025-05-05,Miami Marlins,Los Angeles Dodgers,4,7,0
2025-05-05,New York Yankees,San Diego Padres,3,4,0
2025-05-05,Atlanta Braves,Cincinnati Reds,4,0,1
2025-05-05,Chicago Cubs,San Francisco Giants,9,2,1
2025-05-05,Kansas City Royals,Chicago White Sox,3,0,1
2025-05-05,Milwaukee Brewers,Houston Astros,5,1,1
2025-05-05,St. Louis Cardinals,Pittsburgh Pirates,6,3,1
2025-05-05,Arizona Diamondbacks,New York Mets,4,5,0
2025-05-05,Athletics,Seattle Mariners,7,6,1
2025-05-06,Washington Nationals,Cleveland Guardians,10,9,1
2025-05-06,Washington Nationals,Cleveland Guardians,1,9,0
2025-05-06,Miami Marlins,Los Angeles Dodgers,5,4,1
2025-05-06,Boston Red Sox,Texas Rangers,1,6,0
2025-05-06,Tampa Bay Rays,Philadelphia Phillies,4,8,0
2025-05-06,New York Yankees,San Diego Padres,12,3,1
2025-05-06,Atlanta Braves,Cincinnati Reds,2,1,1
2025-05-06,Chicago Cubs,San Francisco Giants,5,14,0
2025-05-06,Minnesota Twins,Baltimore Orioles,9,1,1
2025-05-06,Kansas City Royals,Chicago White Sox,4,3,1
2025-05-06,Milwaukee Brewers,Houston Astros,4,3,1
2025-05-06,St. Louis Cardinals,Pittsburgh Pirates,2,1,1
2025-05-06,Los Angeles Angels,Toronto Blue Jays,8,3,1
2025-05-06,Arizona Diamondbacks,New York Mets,5,1,1
2025-05-06,Athletics,Seattle Mariners,3,5,0
2025-05-07,Washington Nationals,Cleveland Guardians,6,8,0
2025-05-07,Milwaukee Brewers,Houston Astros,1,9,0
2025-05-07,St. Louis Cardinals,Pittsburgh Pirates,5,0,1
2025-05-07,Chicago Cubs,San Francisco Giants,1,3,0
2025-05-07,Athletics,Seattle Mariners,5,6,0
2025-05-07,Arizona Diamondbacks,New York Mets,1,7,0
2025-05-07,Miami Marlins,Los Angeles Dodgers,1,10,0
2025-05-07,Boston Red Sox,Texas Rangers,6,4,1
2025-05-07,Tampa Bay Rays,Philadelphia Phillies,0,7,0
2025-05-07,New York Yankees,San Diego Padres,4,3,1
2025-05-07,Atlanta Braves,Cincinnati Reds,3,4,0
2025-05-07,Minnesota Twins,Baltimore Orioles,5,2,1
2025-05-07,Kansas City Royals,Chicago White Sox,2,1,1
2025-05-07,Colorado Rockies,Detroit Tigers,6,8,0
2025-05-07,Los Angeles Angels,Toronto Blue Jays,5,4,1
2025-05-08,Minnesota Twins,Baltimore Orioles,5,2,1
2025-05-08,Boston Red Sox,Texas Rangers,5,0,1
2025-05-08,Kansas City Royals,Chicago White Sox,10,0,1
2025-05-08,Colorado Rockies,Detroit Tigers,2,10,0
2025-05-08,Colorado Rockies,Detroit Tigers,1,11,0
2025-05-08,Tampa Bay Rays,Philadelphia Phillies,6,7,0
2025-05-08,Atlanta Braves,Cincinnati Reds,5,4,1
2025-05-08,Los Angeles Angels,Toronto Blue Jays,5,8,0
2025-05-08,Arizona Diamondbacks,Los Angeles Dodgers,5,3,1
2025-05-09,Detroit Tigers,Texas Rangers,2,1,1
2025-05-09,Pittsburgh Pirates,Atlanta Braves,3,2,1
2025-05-09,Washington Nationals,St. Louis Cardinals,0,10,0
2025-05-09,Tampa Bay Rays,Milwaukee Brewers,4,3,1
2025-05-09,New York Mets,Chicago Cubs,7,2,1
2025-05-09,Cleveland Guardians,Philadelphia Phillies,6,0,1
2025-05-09,Kansas City Royals,Boston Red Sox,2,1,1
2025-05-09,Chicago White Sox,Miami Marlins,6,2,1
2025-05-09,Houston Astros,Cincinnati Reds,3,0,1
2025-05-09,Minnesota Twins,San Francisco Giants,3,1,1
2025-05-09,Colorado Rockies,San Diego Padres,9,13,0
2025-05-09,Los Angeles Angels,Baltimore Orioles,1,4,0
2025-05-09,Arizona Diamondbacks,Los Angeles Dodgers,11,14,0
2025-05-09,Seattle Mariners,Toronto Blue Jays,3,6,0
2025-05-09,Athletics,New York Yankees,2,10,0
2025-05-10,Washington Nationals,St. Louis Cardinals,2,4,0
2025-05-10,Pittsburgh Pirates,Atlanta Braves,2,3,0
2025-05-10,Athletics,New York Yankees,11,7,1
2025-05-10,Tampa Bay Rays,Milwaukee Brewers,3,2,1
2025-05-10,Detroit Tigers,Texas Rangers,3,10,0
2025-05-10,Cleveland Guardians,Philadelphia Phillies,1,7,0
2025-05-10,Houston Astros,Cincinnati Reds,9,13,0
2025-05-10,Kansas City Royals,Boston Red Sox,1,10,0
2025-05-10,Chicago White Sox,Miami Marlins,1,3,0
2025-05-10,New York Mets,Chicago Cubs,5,6,0
2025-05-10,Minnesota Twins,San Francisco Giants,2,1,1
2025-05-10,Arizona Diamondbacks,Los Angeles Dodgers,3,0,1
2025-05-10,Colorado Rockies,San Diego Padres,0,21,0
2025-05-10,Los Angeles Angels,Baltimore Orioles,5,2,1
2025-05-10,Seattle Mariners,Toronto Blue Jays,3,6,0
2025-05-11,New York Mets,Chicago Cubs,6,2,1
2025-05-11,Washington Nationals,St. Louis Cardinals,1,6,0
2025-05-11,Pittsburgh Pirates,Atlanta Braves,4,3,1
2025-05-11,Detroit Tigers,Texas Rangers,1,6,0
2025-05-11,Tampa Bay Rays,Milwaukee Brewers,2,4,0
2025-05-11,Houston Astros,Cincinnati Reds,6,0,1
2025-05-11,Kansas City Royals,Boston Red Sox,1,3,0
2025-05-11,Minnesota Twins,San Francisco Giants,7,6,1
2025-05-11,Chicago White Sox,Miami Marlins,4,2,1
2025-05-11,Colorado Rockies,San Diego Padres,9,3,1
2025-05-11,Athletics,New York Yankees,2,12,0
2025-05-11,Los Angeles Angels,Baltimore Orioles,3,7,0
2025-05-11,Arizona Diamondbacks,Los Angeles Dodgers,1,8,0
2025-05-11,Seattle Mariners,Toronto Blue Jays,1,9,0
2025-05-11,Cleveland Guardians,Philadelphia Phillies,0,3,0
2025-05-12,Cleveland Guardians,Milwaukee Brewers,5,0,1
2025-05-12,Detroit Tigers,Boston Red Sox,14,2,1
2025-05-12,Philadelphia Phillies,St. Louis Cardinals,2,3,0
2025-05-12,New York Mets,Pittsburgh Pirates,4,3,1
2025-05-12,Atlanta Braves,Washington Nationals,4,3,1
2025-05-12,Chicago Cubs,Miami Marlins,5,2,1
2025-05-12,Texas Rangers,Colorado Rockies,2,1,1
2025-05-12,Houston Astros,Kansas City Royals,5,7,0
2025-05-12,San Diego Padres,Los Angeles Angels,5,9,0
2025-05-12,Seattle Mariners,New York Yankees,5,11,0
2025-05-12,San Francisco Giants,Arizona Diamondbacks,1,2,0
2025-05-13,Cleveland Guardians,Milwaukee Brewers,2,0,1
2025-05-13,Detroit Tigers,Boston Red Sox,10,9,1
2025-05-13,Cincinnati Reds,Chicago White Sox,1,5,0
2025-05-13,Toronto Blue Jays,Tampa Bay Rays,9,11,0
2025-05-13,New York Mets,Pittsburgh Pirates,2,1,1
2025-05-13,Atlanta Braves,Washington Nationals,5,2,1
2025-05-13,Chicago Cubs,Miami Marlins,5,4,1
2025-05-13,Texas Rangers,Colorado Rockies,4,1,1
2025-05-13,Houston Astros,Kansas City Royals,2,1,1
2025-05-13,San Diego Padres,Los Angeles Angels,6,4,1
2025-05-13,Seattle Mariners,New York Yankees,2,1,1
2025-05-13,San Francisco Giants,Arizona Diamondbacks,10,6,1
2025-05-13,Los Angeles Dodgers,Athletics,1,11,0
2025-05-14,Baltimore Orioles,Minnesota Twins,3,6,0
2025-05-14,Baltimore Orioles,Minnesota Twins,6,8,0
2025-05-14,Philadelphia Phillies,St. Louis Cardinals,2,1,1
2025-05-14,Philadelphia Phillies,St. Louis Cardinals,7,14,0
2025-05-14,Cleveland Guardians,Milwaukee Brewers,5,9,0
2025-05-14,San Francisco Giants,Arizona Diamondbacks,7,8,0
2025-05-14,Seattle Mariners,New York Yankees,2,3,0
2025-05-14,Detroit Tigers,Boston Red Sox,6,5,1
2025-05-14,Toronto Blue Jays,Tampa Bay Rays,3,1,1
2025-05-14,New York Mets,Pittsburgh Pirates,0,4,0
2025-05-14,Cincinnati Reds,Chicago White Sox,2,4,0
2025-05-14,Atlanta Braves,Washington Nationals,4,5,0
2025-05-14,Chicago Cubs,Miami Marlins,1,3,0
2025-05-14,Texas Rangers,Colorado Rockies,8,3,1
2025-05-14,Houston Astros,Kansas City Royals,4,3,1
2025-05-14,San Diego Padres,Los Angeles Angels,5,1,1
2025-05-14,Los Angeles Dodgers,Athletics,9,3,1
2025-05-15,Atlanta Braves,Washington Nationals,5,2,1
2025-05-15,Baltimore Orioles,Minnesota Twins,0,4,0
2025-05-15,Cincinnati Reds,Chicago White Sox,7,1,1
2025-05-15,Toronto Blue Jays,Tampa Bay Rays,3,8,0
2025-05-15,Texas Rangers,Houston Astros,1,0,1
2025-05-15,Los Angeles Dodgers,Athletics,19,2,1
2025-05-16,Chicago Cubs,Chicago White Sox,13,3,1
2025-05-16,Cincinnati Reds,Cleveland Guardians,5,4,1
2025-05-16,Philadelphia Phillies,Pittsburgh Pirates,8,4,1
2025-05-16,Baltimore Orioles,Washington Nationals,3,4,0
2025-05-16,New York Yankees,New York Mets,6,2,1
2025-05-16,Toronto Blue Jays,Detroit Tigers,4,5,0
2025-05-16,Boston Red Sox,Atlanta Braves,2,4,0
2025-05-16,Miami Marlins,Tampa Bay Rays,9,4,1
2025-05-16,Kansas City Royals,St. Louis Cardinals,3,10,0
2025-05-16,Texas Rangers,Houston Astros,3,6,0
2025-05-16,Milwaukee Brewers,Minnesota Twins,0,3,0
2025-05-16,Arizona Diamondbacks,Colorado Rockies,8,0,1
2025-05-16,San Diego Padres,Seattle Mariners,1,5,0
2025-05-16,Los Angeles Dodgers,Los Angeles Angels,2,6,0
2025-05-16,San Francisco Giants,Athletics,9,1,1
2025-05-17,New York Yankees,New York Mets,2,3,0
2025-05-17,Chicago Cubs,Chicago White Sox,7,3,1
2025-05-17,Toronto Blue Jays,Detroit Tigers,2,1,1
2025-05-17,Baltimore Orioles,Washington Nationals,6,10,0
2025-05-17,Miami Marlins,Tampa Bay Rays,0,4,0
2025-05-17,Philadelphia Phillies,Pittsburgh Pirates,5,2,1
2025-05-17,Cincinnati Reds,Cleveland Guardians,4,1,1
2025-05-17,Texas Rangers,Houston Astros,5,1,1
2025-05-17,Kansas City Royals,St. Louis Cardinals,0,1,0
2025-05-17,Boston Red Sox,Atlanta Braves,7,6,1
2025-05-17,Milwaukee Brewers,Minnesota Twins,0,7,0
2025-05-17,Arizona Diamondbacks,Colorado Rockies,12,14,0
2025-05-17,San Diego Padres,Seattle Mariners,1,4,0
2025-05-17,San Francisco Giants,Athletics,1,0,1
2025-05-17,Los Angeles Dodgers,Los Angeles Angels,9,11,0
2025-05-18,Texas Rangers,Houston Astros,3,4,0
2025-05-18,Baltimore Orioles,Washington Nationals,4,10,0
2025-05-18,Philadelphia Phillies,Pittsburgh Pirates,1,0,1
2025-05-18,Boston Red Sox,Atlanta Braves,4,10,0
2025-05-18,Toronto Blue Jays,Detroit Tigers,2,3,0
2025-05-18,Cincinnati Reds,Cleveland Guardians,3,1,1
2025-05-18,Miami Marlins,Tampa Bay Rays,5,1,1
2025-05-18,Kansas City Royals,St. Louis Cardinals,2,1,1
2025-05-18,Milwaukee Brewers,Minnesota Twins,5,2,1
2025-05-18,Chicago Cubs,Chicago White Sox,6,2,1
2025-05-18,San Francisco Giants,Athletics,3,2,1
2025-05-18,Arizona Diamondbacks,Colorado Rockies,1,0,1
2025-05-18,Los Angeles Dodgers,Los Angeles Angels,4,6,0
2025-05-18,San Diego Padres,Seattle Mariners,1,6,0
2025-05-18,New York Yankees,New York Mets,8,2,1
2025-05-19,Pittsburgh Pirates,Cincinnati Reds,1,7,0
2025-05-19,Miami Marlins,Chicago Cubs,8,7,1
2025-05-19,Boston Red Sox,New York Mets,3,1,1
2025-05-19,Tampa Bay Rays,Houston Astros,3,4,0
2025-05-19,Minnesota Twins,Cleveland Guardians,6,5,1
2025-05-19,Chicago White Sox,Seattle Mariners,1,5,0
2025-05-19,Milwaukee Brewers,Baltimore Orioles,5,4,1
2025-05-19,St. Louis Cardinals,Detroit Tigers,11,4,1
2025-05-19,Colorado Rockies,Philadelphia Phillies,3,9,0
2025-05-19,San Francisco Giants,Kansas City Royals,1,3,0
2025-05-19,Athletics,Los Angeles Angels,3,4,0
2025-05-19,Los Angeles Dodgers,Arizona Diamondbacks,5,9,0
2025-05-20,Pittsburgh Pirates,Cincinnati Reds,1,0,1
2025-05-20,Miami Marlins,Chicago Cubs,1,14,0
2025-05-20,Boston Red Sox,New York Mets,2,0,1
2025-05-20,Washington Nationals,Atlanta Braves,5,3,1
2025-05-20,Tampa Bay Rays,Houston Astros,3,2,1
2025-05-20,New York Yankees,Texas Rangers,5,2,1
2025-05-20,Toronto Blue Jays,San Diego Padres,3,0,1
2025-05-20,Chicago White Sox,Seattle Mariners,1,0,1
2025-05-20,Milwaukee Brewers,Baltimore Orioles,5,2,1
2025-05-20,St. Louis Cardinals,Detroit Tigers,4,5,0
2025-05-20,Colorado Rockies,Philadelphia Phillies,4,7,0
2025-05-20,San Francisco Giants,Kansas City Royals,3,2,1
2025-05-20,Athletics,Los Angeles Angels,5,7,0
2025-05-20,Los Angeles Dodgers,Arizona Diamondbacks,4,3,1
2025-05-21,Pittsburgh Pirates,Cincinnati Reds,3,1,1
2025-05-21,Tampa Bay Rays,Houston Astros,8,4,1
2025-05-21,Minnesota Twins,Cleveland Guardians,6,5,1
2025-05-21,Miami Marlins,Chicago Cubs,1,2,0
2025-05-21,Milwaukee Brewers,Baltimore Orioles,4,8,0
2025-05-21,St. Louis Cardinals,Detroit Tigers,1,5,0
2025-05-21,Chicago White Sox,Seattle Mariners,5,6,0
2025-05-21,San Francisco Giants,Kansas City Royals,4,8,0
2025-05-21,Minnesota Twins,Cleveland Guardians,1,5,0
2025-05-21,Boston Red Sox,New York Mets,1,5,0
2025-05-21,New York Yankees,Texas Rangers,4,3,1
2025-05-21,Toronto Blue Jays,San Diego Padres,14,0,1
2025-05-21,Colorado Rockies,Philadelphia Phillies,5,9,0
2025-05-21,Athletics,Los Angeles Angels,5,10,0
2025-05-21,Los Angeles Dodgers,Arizona Diamondbacks,3,1,1
2025-05-22,New York Yankees,Texas Rangers,1,0,1
2025-05-22,Toronto Blue Jays,San Diego Padres,7,6,1
2025-05-22,Colorado Rockies,Philadelphia Phillies,0,2,0
2025-05-22,Athletics,Los Angeles Angels,5,10,0
2025-05-22,Detroit Tigers,Cleveland Guardians,0,7,0
2025-05-22,Pittsburgh Pirates,Milwaukee Brewers,5,8,0
2025-05-22,Washington Nationals,Atlanta Braves,8,7,1
2025-05-22,Houston Astros,Seattle Mariners,9,2,1
2025-05-23,Boston Red Sox,Baltimore Orioles,19,5,1
2025-05-23,Cincinnati Reds,Chicago Cubs,6,13,0
2025-05-23,Pittsburgh Pirates,Milwaukee Brewers,6,5,1
2025-05-23,Washington Nationals,San Francisco Giants,0,4,0
2025-05-23,Tampa Bay Rays,Toronto Blue Jays,3,1,1
2025-05-23,Detroit Tigers,Cleveland Guardians,1,3,0
2025-05-23,New York Mets,Los Angeles Dodgers,5,7,0
2025-05-23,Atlanta Braves,San Diego Padres,1,2,0
2025-05-23,Chicago White Sox,Texas Rangers,4,1,1
2025-05-23,Houston Astros,Seattle Mariners,3,5,0
2025-05-23,Minnesota Twins,Kansas City Royals,3,1,1
2025-05-23,St. Louis Cardinals,Arizona Diamondbacks,4,3,1
2025-05-23,Colorado Rockies,New York Yankees,3,2,1
2025-05-23,Los Angeles Angels,Miami Marlins,7,4,1
2025-05-23,Athletics,Philadelphia Phillies,3,4,0
2025-05-24,Boston Red Sox,Baltimore Orioles,6,5,1
2025-05-24,Boston Red Sox,Baltimore Orioles,1,2,0
2025-05-24,Minnesota Twins,Kansas City Royals,5,4,1
2025-05-24,St. Louis Cardinals,Arizona Diamondbacks,6,5,1
2025-05-24,Washington Nationals,San Francisco Giants,3,0,1
2025-05-24,Pittsburgh Pirates,Milwaukee Brewers,2,1,1
2025-05-24,Cincinnati Reds,Chicago Cubs,6,4,1
2025-05-24,Houston Astros,Seattle Mariners,2,1,1
2025-05-24,Atlanta Braves,San Diego Padres,7,1,1
2025-05-24,Chicago White Sox,Texas Rangers,10,5,1
2025-05-24,Colorado Rockies,New York Yankees,1,13,0
2025-05-24,Tampa Bay Rays,Toronto Blue Jays,3,1,1
2025-05-24,Detroit Tigers,Cleveland Guardians,5,7,0
2025-05-24,New York Mets,Los Angeles Dodgers,5,2,1
2025-05-24,Athletics,Philadelphia Phillies,6,9,0
2025-05-24,Los Angeles Angels,Miami Marlins,2,6,0
2025-05-25,Detroit Tigers,Cleveland Guardians,5,0,1
2025-05-25,Boston Red Sox,Baltimore Orioles,1,5,0
2025-05-25,Washington Nationals,San Francisco Giants,2,3,0
2025-05-25,Pittsburgh Pirates,Milwaukee Brewers,5,6,0
2025-05-25,Cincinnati Reds,Chicago Cubs,8,11,0
2025-05-25,Tampa Bay Rays,Toronto Blue Jays,13,0,1
2025-05-25,Houston Astros,Seattle Mariners,5,3,1
2025-05-25,Minnesota Twins,Kansas City Royals,1,2,0
2025-05-25,Chicago White Sox,Texas Rangers,4,5,0
2025-05-25,St. Louis Cardinals,Arizona Diamondbacks,4,3,1
2025-05-25,Colorado Rockies,New York Yankees,4,5,0
2025-05-25,Athletics,Philadelphia Phillies,5,4,1
2025-05-25,Los Angeles Angels,Miami Marlins,0,3,0
2025-05-25,Atlanta Braves,San Diego Padres,3,5,0
2025-05-25,New York Mets,Los Angeles Dodgers,3,1,1
2025-05-26,Detroit Tigers,San Francisco Giants,3,1,1
2025-05-26,Milwaukee Brewers,Boston Red Sox,3,2,1
2025-05-26,Chicago Cubs,Colorado Rockies,3,1,1
2025-05-26,Baltimore Orioles,St. Louis Cardinals,5,2,1
2025-05-26,Texas Rangers,Toronto Blue Jays,1,2,0
2025-05-26,Kansas City Royals,Cincinnati Reds,4,7,0
2025-05-26,New York Mets,Chicago White Sox,2,1,1
2025-05-26,Cleveland Guardians,Los Angeles Dodgers,2,7,0
2025-05-26,Tampa Bay Rays,Minnesota Twins,7,2,1
2025-05-26,Arizona Diamondbacks,Pittsburgh Pirates,5,0,1
2025-05-26,San Diego Padres,Miami Marlins,4,3,1
2025-05-26,Los Angeles Angels,New York Yankees,1,5,0
2025-05-27,Cleveland Guardians,Los Angeles Dodgers,5,9,0
2025-05-27,Baltimore Orioles,St. Louis Cardinals,4,7,0
2025-05-27,Detroit Tigers,San Francisco Giants,3,1,1
2025-05-27,Philadelphia Phillies,Atlanta Braves,2,0,1
2025-05-27,Tampa Bay Rays,Minnesota Twins,2,4,0
2025-05-27,New York Mets,Chicago White Sox,6,4,1
2025-05-27,Kansas City Royals,Cincinnati Reds,2,7,0
2025-05-27,Milwaukee Brewers,Boston Red Sox,5,1,1
2025-05-27,Chicago Cubs,Colorado Rockies,4,3,1
2025-05-27,Texas Rangers,Toronto Blue Jays,2,0,1
2025-05-27,Houston Astros,Athletics,11,1,1
2025-05-27,Los Angeles Angels,New York Yankees,2,3,0
2025-05-27,Arizona Diamondbacks,Pittsburgh Pirates,6,9,0
2025-05-27,Seattle Mariners,Washington Nationals,9,1,1
2025-05-27,San Diego Padres,Miami Marlins,8,6,1
2025-05-28,Cleveland Guardians,Los Angeles Dodgers,7,4,1
2025-05-28,Detroit Tigers,San Francisco Giants,4,3,1
2025-05-28,Tampa Bay Rays,Minnesota Twins,5,0,1
2025-05-28,New York Mets,Chicago White Sox,4,9,0
2025-05-28,Milwaukee Brewers,Boston Red Sox,6,5,1
2025-05-28,Houston Astros,Athletics,5,3,1
2025-05-28,Arizona Diamondbacks,Pittsburgh Pirates,1,10,0
2025-05-28,San Diego Padres,Miami Marlins,8,10,0
2025-05-28,Baltimore Orioles,St. Louis Cardinals,4,6,0
2025-05-28,Kansas City Royals,Cincinnati Reds,3,2,1
2025-05-28,Chicago Cubs,Colorado Rockies,2,1,1
2025-05-28,Texas Rangers,Toronto Blue Jays,0,2,0
2025-05-28,Los Angeles Angels,New York Yankees,0,1,0
2025-05-28,Seattle Mariners,Washington Nationals,0,9,0
2025-05-29,Philadelphia Phillies,Atlanta Braves,5,4,1
2025-05-29,Philadelphia Phillies,Atlanta Braves,3,9,0
2025-05-29,Toronto Blue Jays,Athletics,12,0,1
2025-05-29,Houston Astros,Tampa Bay Rays,3,13,0
2025-05-29,Seattle Mariners,Washington Nationals,3,9,0
2025-05-30,Chicago Cubs,Cincinnati Reds,2,6,0
2025-05-30,Baltimore Orioles,Chicago White Sox,2,1,1
2025-05-30,Philadelphia Phillies,Milwaukee Brewers,2,6,0
2025-05-30,Toronto Blue Jays,Athletics,11,7,1
2025-05-30,Cleveland Guardians,Los Angeles Angels,1,4,0
2025-05-30,New York Mets,Colorado Rockies,4,2,1
2025-05-30,Miami Marlins,San Francisco Giants,0,2,0
2025-05-30,Atlanta Braves,Boston Red Sox,1,5,0
2025-05-30,Texas Rangers,St. Louis Cardinals,11,1,1
2025-05-30,Kansas City Royals,Detroit Tigers,5,7,0
2025-05-30,Houston Astros,Tampa Bay Rays,2,1,1
2025-05-30,Arizona Diamondbacks,Washington Nationals,7,9,0
2025-05-30,San Diego Padres,Pittsburgh Pirates,3,2,1
2025-05-30,Seattle Mariners,Minnesota Twins,6,12,0
2025-05-30,Los Angeles Dodgers,New York Yankees,8,5,1
2025-05-31,Chicago Cubs,Cincinnati Reds,2,0,1
2025-05-31,Toronto Blue Jays,Athletics,8,7,1
2025-05-31,Texas Rangers,St. Louis Cardinals,0,2,0
2025-05-31,Baltimore Orioles,Chicago White Sox,4,2,1
2025-05-31,Philadelphia Phillies,Milwaukee Brewers,7,17,0
2025-05-31,Cleveland Guardians,Los Angeles Angels,7,5,1
2025-05-31,Kansas City Royals,Detroit Tigers,1,0,1
2025-05-31,New York Mets,Colorado Rockies,8,2,1
2025-05-31,Houston Astros,Tampa Bay Rays,3,16,0
2025-05-31,Atlanta Braves,Boston Red Sox,5,0,1
2025-05-31,Miami Marlins,San Francisco Giants,1,0,1
2025-05-31,Seattle Mariners,Minnesota Twins,5,4,1
2025-05-31,Los Angeles Dodgers,New York Yankees,18,2,1
2025-05-31,San Diego Padres,Pittsburgh Pirates,0,5,0
2025-05-31,Arizona Diamondbacks,Washington Nationals,7,11,0
2025-06-01,Texas Rangers,St. Louis Cardinals,8,1,1
2025-06-01,Atlanta Braves,Boston Red Sox,1,3,0
2025-06-01,Baltimore Orioles,Chicago White Sox,3,2,1
2025-06-01,Philadelphia Phillies,Milwaukee Brewers,2,5,0
2025-06-01,Toronto Blue Jays,Athletics,8,4,1
2025-06-01,Cleveland Guardians,Los Angeles Angels,4,2,1
2025-06-01,New York Mets,Colorado Rockies,5,3,1
2025-06-01,Miami Marlins,San Francisco Giants,2,4,0
2025-06-01,Kansas City Royals,Detroit Tigers,0,1,0
2025-06-01,Houston Astros,Tampa Bay Rays,1,0,1
2025-06-01,Chicago Cubs,Cincinnati Reds,7,3,1
2025-06-01,Arizona Diamondbacks,Washington Nationals,3,1,1
2025-06-01,Seattle Mariners,Minnesota Twins,2,1,1
2025-06-01,San Diego Padres,Pittsburgh Pirates,6,4,1
2025-06-01,Los Angeles Dodgers,New York Yankees,3,7,0
2025-06-02,Miami Marlins,Colorado Rockies,4,6,0
2025-06-02,Boston Red Sox,Los Angeles Angels,6,7,0
2025-06-02,Cincinnati Reds,Milwaukee Brewers,2,3,0
2025-06-02,Chicago White Sox,Detroit Tigers,1,13,0
2025-06-02,San Francisco Giants,San Diego Padres,0,1,0
2025-06-02,Athletics,Minnesota Twins,4,10,0
2025-06-02,Los Angeles Dodgers,New York Mets,3,4,0
2025-06-03,Pittsburgh Pirates,Houston Astros,0,3,0
2025-06-03,Miami Marlins,Colorado Rockies,2,3,0
2025-06-03,Washington Nationals,Chicago Cubs,3,8,0
2025-06-03,New York Yankees,Cleveland Guardians,3,2,1
2025-06-03,Toronto Blue Jays,Philadelphia Phillies,3,8,0
2025-06-03,Boston Red Sox,Los Angeles Angels,3,4,0
2025-06-03,Cincinnati Reds,Milwaukee Brewers,4,2,1
2025-06-03,Atlanta Braves,Arizona Diamondbacks,3,8,0
2025-06-03,Tampa Bay Rays,Texas Rangers,5,1,1
2025-06-03,Chicago White Sox,Detroit Tigers,8,1,1
2025-06-03,St. Louis Cardinals,Kansas City Royals,7,10,0
2025-06-03,Seattle Mariners,Baltimore Orioles,1,5,0
2025-06-03,San Francisco Giants,San Diego Padres,2,3,0
2025-06-03,Athletics,Minnesota Twins,3,10,0
2025-06-03,Los Angeles Dodgers,New York Mets,6,5,1
2025-06-04,Miami Marlins,Colorado Rockies,2,3,0
2025-06-04,Cincinnati Reds,Milwaukee Brewers,1,9,0
2025-06-04,Boston Red Sox,Los Angeles Angels,11,9,1
2025-06-04,Pittsburgh Pirates,Houston Astros,3,0,1
2025-06-04,Washington Nationals,Chicago Cubs,2,0,1
2025-06-04,New York Yankees,Cleveland Guardians,0,4,0
2025-06-04,Toronto Blue Jays,Philadelphia Phillies,2,1,1
2025-06-04,Atlanta Braves,Arizona Diamondbacks,1,2,0
2025-06-04,Tampa Bay Rays,Texas Rangers,5,4,1
2025-06-04,Chicago White Sox,Detroit Tigers,4,5,0
2025-06-04,Seattle Mariners,Baltimore Orioles,2,3,0
2025-06-04,San Francisco Giants,San Diego Padres,6,5,1
2025-06-04,Athletics,Minnesota Twins,1,6,0
2025-06-04,Los Angeles Dodgers,New York Mets,1,6,0
2025-06-05,Atlanta Braves,Arizona Diamondbacks,10,11,0
2025-06-05,St. Louis Cardinals,Kansas City Royals,6,5,1
2025-06-05,St. Louis Cardinals,Kansas City Royals,5,7,0
2025-06-05,Chicago White Sox,Detroit Tigers,3,2,1
2025-06-05,Toronto Blue Jays,Philadelphia Phillies,9,1,1
2025-06-05,Athletics,Minnesota Twins,14,3,1
2025-06-05,Seattle Mariners,Baltimore Orioles,3,4,0
2025-06-05,San Francisco Giants,San Diego Padres,3,2,1
2025-06-05,Los Angeles Dodgers,New York Mets,6,5,1
2025-06-05,Pittsburgh Pirates,Houston Astros,2,8,0
2025-06-05,Washington Nationals,Chicago Cubs,1,7,0
2025-06-05,New York Yankees,Cleveland Guardians,4,0,1
2025-06-05,Tampa Bay Rays,Texas Rangers,4,3,1
2025-06-06,Tampa Bay Rays,Miami Marlins,4,3,1
2025-06-06,Pittsburgh Pirates,Philadelphia Phillies,5,4,1
2025-06-06,Washington Nationals,Texas Rangers,2,0,1
2025-06-06,New York Yankees,Boston Red Sox,9,6,1
2025-06-06,Cincinnati Reds,Arizona Diamondbacks,4,3,1
2025-06-06,Detroit Tigers,Chicago Cubs,3,1,1
2025-06-06,Cleveland Guardians,Houston Astros,2,4,0
2025-06-06,Chicago White Sox,Kansas City Royals,7,2,1
2025-06-06,Minnesota Twins,Toronto Blue Jays,4,6,0
2025-06-06,Milwaukee Brewers,San Diego Padres,0,2,0
2025-06-06,St. Louis Cardinals,Los Angeles Dodgers,5,0,1
2025-06-06,Colorado Rockies,New York Mets,2,4,0
2025-06-06,Los Angeles Angels,Seattle Mariners,5,4,1
2025-06-06,Athletics,Baltimore Orioles,5,4,1
2025-06-06,San Francisco Giants,Atlanta Braves,5,4,1
2025-06-07,Detroit Tigers,Chicago Cubs,1,6,0
2025-06-07,Cincinnati Reds,Arizona Diamondbacks,4,3,1
2025-06-07,Minnesota Twins,Toronto Blue Jays,4,5,0
2025-06-07,St. Louis Cardinals,Los Angeles Dodgers,2,1,1
2025-06-07,Washington Nationals,Texas Rangers,0,5,0
2025-06-07,Pittsburgh Pirates,Philadelphia Phillies,2,1,1
2025-06-07,San Francisco Giants,Atlanta Braves,3,2,1
2025-06-07,Cincinnati Reds,Arizona Diamondbacks,13,1,1
2025-06-07,Cleveland Guardians,Houston Astros,3,5,0
2025-06-07,Chicago White Sox,Kansas City Royals,4,1,1
2025-06-07,Tampa Bay Rays,Miami Marlins,10,11,0
2025-06-07,New York Yankees,Boston Red Sox,7,10,0
2025-06-07,Milwaukee Brewers,San Diego Padres,4,3,1
2025-06-07,Los Angeles Angels,Seattle Mariners,8,6,1
2025-06-07,Colorado Rockies,New York Mets,1,8,0
2025-06-07,Athletics,Baltimore Orioles,4,7,0
2025-06-08,Tampa Bay Rays,Miami Marlins,3,2,1
2025-06-08,Milwaukee Brewers,San Diego Padres,0,1,0
2025-06-08,Washington Nationals,Texas Rangers,2,4,0
2025-06-08,Pittsburgh Pirates,Philadelphia Phillies,2,1,1
2025-06-08,Cincinnati Reds,Arizona Diamondbacks,4,2,1
2025-06-08,Detroit Tigers,Chicago Cubs,4,0,1
2025-06-08,Cleveland Guardians,Houston Astros,4,2,1
2025-06-08,Minnesota Twins,Toronto Blue Jays,6,3,1
2025-06-08,Chicago White Sox,Kansas City Royals,5,7,0
2025-06-08,St. Louis Cardinals,Los Angeles Dodgers,3,7,0
2025-06-08,Colorado Rockies,New York Mets,5,13,0
2025-06-08,Athletics,Baltimore Orioles,5,1,1
2025-06-08,San Francisco Giants,Atlanta Braves,4,3,1
2025-06-08,Los Angeles Angels,Seattle Mariners,2,3,0
2025-06-08,New York Yankees,Boston Red Sox,7,11,0
2025-06-09,Cleveland Guardians,Cincinnati Reds,4,7,0
2025-06-09,Pittsburgh Pirates,Miami Marlins,10,3,1
2025-06-09,Philadelphia Phillies,Chicago Cubs,4,3,1
2025-06-09,Boston Red Sox,Tampa Bay Rays,8,10,0
2025-06-09,Milwaukee Brewers,Atlanta Braves,1,7,0
2025-06-09,St. Louis Cardinals,Toronto Blue Jays,4,5,0
2025-06-09,Los Angeles Angels,Athletics,7,4,1
2025-06-09,San Diego Padres,Los Angeles Dodgers,7,8,0
2025-06-09,Arizona Diamondbacks,Seattle Mariners,8,4,1
2025-06-10,Baltimore Orioles,Detroit Tigers,3,5,0
2025-06-10,Cleveland Guardians,Cincinnati Reds,0,1,0
2025-06-10,Pittsburgh Pirates,Miami Marlins,2,3,0
2025-06-10,Philadelphia Phillies,Chicago Cubs,4,8,0
2025-06-10,New York Mets,Washington Nationals,5,4,1
2025-06-10,Boston Red Sox,Tampa Bay Rays,3,1,1
2025-06-10,Minnesota Twins,Texas Rangers,4,16,0
2025-06-10,Kansas City Royals,New York Yankees,2,10,0
2025-06-10,Milwaukee Brewers,Atlanta Braves,4,1,1
2025-06-10,St. Louis Cardinals,Toronto Blue Jays,9,10,0
2025-06-10,Houston Astros,Chicago White Sox,2,4,0
2025-06-10,Colorado Rockies,San Francisco Giants,5,6,0
2025-06-10,Los Angeles Angels,Athletics,2,1,1
2025-06-10,San Diego Padres,Los Angeles Dodgers,11,1,1
2025-06-10,Arizona Diamondbacks,Seattle Mariners,10,3,1
2025-06-11,Pittsburgh Pirates,Miami Marlins,5,2,1
2025-06-11,Philadelphia Phillies,Chicago Cubs,7,2,1
2025-06-11,Cleveland Guardians,Cincinnati Reds,11,2,1
2025-06-11,Milwaukee Brewers,Atlanta Braves,2,6,0
2025-06-11,St. Louis Cardinals,Toronto Blue Jays,2,5,0
2025-06-11,Arizona Diamondbacks,Seattle Mariners,5,2,1
2025-06-11,Los Angeles Angels,Athletics,6,5,1
2025-06-11,San Diego Padres,Los Angeles Dodgers,2,5,0
2025-06-11,Baltimore Orioles,Detroit Tigers,10,1,1
2025-06-11,New York Mets,Washington Nationals,5,0,1
2025-06-11,Boston Red Sox,Tampa Bay Rays,4,3,1
2025-06-11,Minnesota Twins,Texas Rangers,6,2,1
2025-06-11,Kansas City Royals,New York Yankees,3,6,0
2025-06-11,Houston Astros,Chicago White Sox,10,2,1
2025-06-11,Colorado Rockies,San Francisco Giants,7,10,0
2025-06-12,New York Mets,Washington Nationals,4,3,1
2025-06-12,Minnesota Twins,Texas Rangers,3,16,0
2025-06-12,Colorado Rockies,San Francisco Giants,8,7,1
2025-06-12,Baltimore Orioles,Detroit Tigers,1,4,0
2025-06-12,Kansas City Royals,New York Yankees,0,1,0
2025-06-12,Milwaukee Brewers,St. Louis Cardinals,6,0,1
2025-06-12,Chicago Cubs,Pittsburgh Pirates,3,2,1
2025-06-12,Houston Astros,Chicago White Sox,4,3,1
2025-06-13,Chicago Cubs,Pittsburgh Pirates,1,2,0
2025-06-13,Philadelphia Phillies,Toronto Blue Jays,8,0,1
2025-06-13,Washington Nationals,Miami Marlins,9,11,0
2025-06-13,Baltimore Orioles,Los Angeles Angels,2,0,1
2025-06-13,Detroit Tigers,Cincinnati Reds,11,5,1
2025-06-13,New York Mets,Tampa Bay Rays,5,7,0
2025-06-13,Boston Red Sox,New York Yankees,2,1,1
2025-06-13,Atlanta Braves,Colorado Rockies,12,4,1
2025-06-13,Texas Rangers,Chicago White Sox,3,1,1
2025-06-13,Kansas City Royals,Athletics,4,6,0
2025-06-13,Houston Astros,Minnesota Twins,10,3,1
2025-06-13,Milwaukee Brewers,St. Louis Cardinals,3,2,1
2025-06-13,Arizona Diamondbacks,San Diego Padres,5,1,1
2025-06-13,Seattle Mariners,Cleveland Guardians,7,2,1
2025-06-13,Los Angeles Dodgers,San Francisco Giants,2,6,0
2025-06-14,Washington Nationals,Miami Marlins,3,4,0
2025-06-14,Detroit Tigers,Cincinnati Reds,1,11,0
2025-06-14,Chicago Cubs,Pittsburgh Pirates,2,1,1
2025-06-14,Baltimore Orioles,Los Angeles Angels,6,5,1
2025-06-14,Philadelphia Phillies,Toronto Blue Jays,3,2,1
2025-06-14,Texas Rangers,Chicago White Sox,5,4,1
2025-06-14,Kansas City Royals,Athletics,0,4,0
2025-06-14,New York Mets,Tampa Bay Rays,4,8,0
2025-06-14,Houston Astros,Minnesota Twins,3,2,1
2025-06-14,Atlanta Braves,Colorado Rockies,4,1,1
2025-06-14,Milwaukee Brewers,St. Louis Cardinals,5,8,0
2025-06-14,Arizona Diamondbacks,San Diego Padres,8,7,1
2025-06-14,Boston Red Sox,New York Yankees,4,3,1
2025-06-14,Seattle Mariners,Cleveland Guardians,4,3,1
2025-06-14,Los Angeles Dodgers,San Francisco Giants,11,5,1
2025-06-15,Detroit Tigers,Cincinnati Reds,4,8,0
2025-06-15,Baltimore Orioles,Los Angeles Angels,11,2,1
2025-06-15,Philadelphia Phillies,Toronto Blue Jays,11,4,1
2025-06-15,Atlanta Braves,Colorado Rockies,1,10,0
2025-06-15,Washington Nationals,Miami Marlins,1,3,0
2025-06-15,Boston Red Sox,New York Yankees,2,0,1
2025-06-15,New York Mets,Tampa Bay Rays,0,9,0
2025-06-15,Kansas City Royals,Athletics,2,3,0
2025-06-15,Houston Astros,Minnesota Twins,2,1,1
2025-06-15,Milwaukee Brewers,St. Louis Cardinals,3,2,1
2025-06-15,Chicago Cubs,Pittsburgh Pirates,3,2,1
2025-06-15,Texas Rangers,Chicago White Sox,2,1,1
2025-06-15,Arizona Diamondbacks,San Diego Padres,2,8,0
2025-06-15,Seattle Mariners,Cleveland Guardians,6,0,1
2025-06-15,Los Angeles Dodgers,San Francisco Giants,5,4,1
2025-06-16,Miami Marlins,Philadelphia Phillies,2,5,0
2025-06-16,Washington Nationals,Colorado Rockies,4,6,0
2025-06-16,New York Yankees,Los Angeles Angels,0,1,0
2025-06-16,Tampa Bay Rays,Baltimore Orioles,7,1,1
2025-06-16,Seattle Mariners,Boston Red Sox,0,2,0
2025-06-16,Athletics,Houston Astros,3,1,1
2025-06-16,Los Angeles Dodgers,San Diego Padres,6,3,1
2025-06-17,Miami Marlins,Philadelphia Phillies,8,3,1
2025-06-17,Detroit Tigers,Pittsburgh Pirates,7,3,1
2025-06-17,Washington Nationals,Colorado Rockies,6,10,0
2025-06-17,New York Yankees,Los Angeles Angels,0,4,0
2025-06-17,Toronto Blue Jays,Arizona Diamondbacks,5,4,1
2025-06-17,Cincinnati Reds,Minnesota Twins,6,5,1
2025-06-17,Atlanta Braves,New York Mets,5,4,1
2025-06-17,Tampa Bay Rays,Baltimore Orioles,1,5,0
2025-06-17,Chicago White Sox,St. Louis Cardinals,2,12,0
2025-06-17,Texas Rangers,Kansas City Royals,1,6,0
2025-06-17,Chicago Cubs,Milwaukee Brewers,5,3,1
2025-06-17,Seattle Mariners,Boston Red Sox,8,0,1
2025-06-17,San Francisco Giants,Cleveland Guardians,2,3,0
2025-06-17,Athletics,Houston Astros,3,13,0
2025-06-17,Los Angeles Dodgers,San Diego Padres,8,6,1
2025-06-18,Seattle Mariners,Boston Red Sox,1,3,0
2025-06-18,Miami Marlins,Philadelphia Phillies,2,4,0
2025-06-18,Washington Nationals,Colorado Rockies,1,3,0
2025-06-18,New York Yankees,Los Angeles Angels,2,3,0
2025-06-18,Toronto Blue Jays,Arizona Diamondbacks,8,1,1
2025-06-18,Atlanta Braves,New York Mets,5,0,1
2025-06-18,Tampa Bay Rays,Baltimore Orioles,12,8,1
2025-06-18,Texas Rangers,Kansas City Royals,3,6,0
2025-06-18,San Francisco Giants,Cleveland Guardians,2,4,0
2025-06-18,Athletics,Houston Astros,4,11,0
2025-06-18,Los Angeles Dodgers,San Diego Padres,4,3,1
2025-06-19,Cincinnati Reds,Minnesota Twins,5,12,0
2025-06-19,Washington Nationals,Colorado Rockies,4,3,1
2025-06-19,New York Yankees,Los Angeles Angels,7,3,1
2025-06-19,Detroit Tigers,Pittsburgh Pirates,9,2,1
2025-06-19,Detroit Tigers,Pittsburgh Pirates,4,8,0
2025-06-19,Chicago White Sox,St. Louis Cardinals,4,5,0
2025-06-19,Chicago White Sox,St. Louis Cardinals,6,8,0
2025-06-19,Chicago Cubs,Milwaukee Brewers,7,8,0
2025-06-19,Texas Rangers,Kansas City Royals,1,4,0
2025-06-19,Toronto Blue Jays,Arizona Diamondbacks,5,9,0
2025-06-19,San Francisco Giants,Cleveland Guardians,2,1,1
2025-06-19,Miami Marlins,Philadelphia Phillies,1,2,0
2025-06-19,Atlanta Braves,New York Mets,7,1,1
2025-06-19,Tampa Bay Rays,Baltimore Orioles,1,4,0
2025-06-19,Athletics,Houston Astros,6,4,1
2025-06-19,Los Angeles Dodgers,San Diego Padres,3,5,0
2025-06-20,Chicago Cubs,Seattle Mariners,4,9,0
2025-06-20,Pittsburgh Pirates,Texas Rangers,2,6,0
2025-06-20,Tampa Bay Rays,Detroit Tigers,14,8,1
2025-06-20,New York Yankees,Baltimore Orioles,3,5,0
2025-06-20,Toronto Blue Jays,Chicago White Sox,1,7,0
2025-06-20,Miami Marlins,Atlanta Braves,6,2,1
2025-06-20,St. Louis Cardinals,Cincinnati Reds,6,1,1
2025-06-20,Philadelphia Phillies,New York Mets,10,2,1
2025-06-20,Minnesota Twins,Milwaukee Brewers,6,17,0
2025-06-20,Colorado Rockies,Arizona Diamondbacks,8,14,0
2025-06-20,Los Angeles Angels,Houston Astros,2,3,0
2025-06-20,San Diego Padres,Kansas City Royals,5,6,0
2025-06-20,Athletics,Cleveland Guardians,5,1,1
2025-06-20,Los Angeles Dodgers,Washington Nationals,6,5,1
2025-06-20,San Francisco Giants,Boston Red Sox,5,7,0
2025-06-21,Tampa Bay Rays,Detroit Tigers,8,3,1
2025-06-21,New York Yankees,Baltimore Orioles,9,0,1
2025-06-21,Minnesota Twins,Milwaukee Brewers,0,9,0
2025-06-21,St. Louis Cardinals,Cincinnati Reds,6,5,1
2025-06-21,Chicago Cubs,Seattle Mariners,10,7,1
2025-06-21,Toronto Blue Jays,Chicago White Sox,7,1,1
2025-06-21,San Francisco Giants,Boston Red Sox,3,2,1
2025-06-21,Pittsburgh Pirates,Texas Rangers,2,3,0
2025-06-21,Miami Marlins,Atlanta Braves,0,7,0
2025-06-21,San Diego Padres,Kansas City Royals,5,1,1
2025-06-21,Philadelphia Phillies,New York Mets,4,11,0
2025-06-21,Colorado Rockies,Arizona Diamondbacks,3,5,0
2025-06-21,Los Angeles Angels,Houston Astros,9,1,1
2025-06-21,Athletics,Cleveland Guardians,2,4,0
2025-06-21,Los Angeles Dodgers,Washington Nationals,3,7,0
2025-06-22,New York Yankees,Baltimore Orioles,4,2,1
2025-06-22,Tampa Bay Rays,Detroit Tigers,3,9,0
2025-06-22,Pittsburgh Pirates,Texas Rangers,8,3,1
2025-06-22,Toronto Blue Jays,Chicago White Sox,2,4,0
2025-06-22,Miami Marlins,Atlanta Braves,5,3,1
2025-06-22,Minnesota Twins,Milwaukee Brewers,8,9,0
2025-06-22,St. Louis Cardinals,Cincinnati Reds,1,4,0
2025-06-22,Chicago Cubs,Seattle Mariners,6,14,0
2025-06-22,Colorado Rockies,Arizona Diamondbacks,4,2,1
2025-06-22,Athletics,Cleveland Guardians,0,3,0
2025-06-22,San Francisco Giants,Boston Red Sox,9,5,1
2025-06-22,Los Angeles Angels,Houston Astros,7,8,0
2025-06-22,Los Angeles Dodgers,Washington Nationals,13,7,1
2025-06-22,San Diego Padres,Kansas City Royals,3,2,1
2025-06-22,Philadelphia Phillies,New York Mets,7,1,1
2025-06-23,Baltimore Orioles,Texas Rangers,6,0,1
2025-06-23,New York Mets,Atlanta Braves,2,3,0
2025-06-23,Cincinnati Reds,New York Yankees,6,1,1
2025-06-23,Minnesota Twins,Seattle Mariners,2,11,0
2025-06-23,Chicago White Sox,Arizona Diamondbacks,0,10,0
2025-06-23,Milwaukee Brewers,Pittsburgh Pirates,4,5,0
2025-06-23,St. Louis Cardinals,Chicago Cubs,8,2,1
2025-06-23,Los Angeles Angels,Boston Red Sox,9,5,1
2025-06-23,San Diego Padres,Washington Nationals,6,10,0
2025-06-24,Baltimore Orioles,Texas Rangers,5,6,0
2025-06-24,Detroit Tigers,Athletics,11,4,1
2025-06-24,Cleveland Guardians,Toronto Blue Jays,6,10,0
2025-06-24,New York Mets,Atlanta Braves,4,7,0
2025-06-24,Cincinnati Reds,New York Yankees,5,4,1
2025-06-24,Kansas City Royals,Tampa Bay Rays,1,5,0
2025-06-24,Minnesota Twins,Seattle Mariners,5,6,0
2025-06-24,Chicago White Sox,Arizona Diamondbacks,1,4,0
2025-06-24,Milwaukee Brewers,Pittsburgh Pirates,9,3,1
2025-06-24,St. Louis Cardinals,Chicago Cubs,8,7,1
2025-06-24,Houston Astros,Philadelphia Phillies,1,0,1
2025-06-24,Colorado Rockies,Los Angeles Dodgers,7,9,0
2025-06-24,Los Angeles Angels,Boston Red Sox,3,2,1
2025-06-24,San Diego Padres,Washington Nationals,4,3,1
2025-06-24,San Francisco Giants,Miami Marlins,2,4,0
2025-06-25,Chicago White Sox,Arizona Diamondbacks,7,3,1
2025-06-25,Milwaukee Brewers,Pittsburgh Pirates,4,2,1
2025-06-25,Los Angeles Angels,Boston Red Sox,5,2,1
2025-06-25,San Diego Padres,Washington Nationals,1,0,1
2025-06-25,Baltimore Orioles,Texas Rangers,0,7,0
2025-06-25,Detroit Tigers,Athletics,0,3,0
2025-06-25,Cleveland Guardians,Toronto Blue Jays,5,4,1
2025-06-25,New York Mets,Atlanta Braves,7,3,1
2025-06-25,Cincinnati Reds,New York Yankees,1,7,0
2025-06-25,Kansas City Royals,Tampa Bay Rays,0,3,0
2025-06-25,Minnesota Twins,Seattle Mariners,2,0,1
2025-06-25,St. Louis Cardinals,Chicago Cubs,0,8,0
2025-06-25,Houston Astros,Philadelphia Phillies,2,0,1
2025-06-25,Colorado Rockies,Los Angeles Dodgers,1,8,0
2025-06-25,San Francisco Giants,Miami Marlins,5,8,0
2025-06-26,Detroit Tigers,Athletics,8,0,1
2025-06-26,Cleveland Guardians,Toronto Blue Jays,0,6,0
2025-06-26,Minnesota Twins,Seattle Mariners,10,1,1
2025-06-26,Kansas City Royals,Tampa Bay Rays,0,4,0
2025-06-26,Houston Astros,Philadelphia Phillies,2,1,1
2025-06-26,St. Louis Cardinals,Chicago Cubs,0,3,0
2025-06-26,Colorado Rockies,Los Angeles Dodgers,1,3,0
2025-06-26,San Francisco Giants,Miami Marlins,5,12,0
2025-06-26,New York Mets,Atlanta Braves,4,0,1
2025-06-27,Pittsburgh Pirates,New York Mets,9,1,1
2025-06-27,Baltimore Orioles,Tampa Bay Rays,22,8,1
2025-06-27,New York Yankees,Athletics,3,0,1
2025-06-27,Cincinnati Reds,San Diego Padres,8,1,1
2025-06-27,Cleveland Guardians,St. Louis Cardinals,0,5,0
2025-06-27,Boston Red Sox,Toronto Blue Jays,0,9,0
2025-06-27,Detroit Tigers,Minnesota Twins,1,4,0
2025-06-27,Atlanta Braves,Philadelphia Phillies,0,13,0
2025-06-27,Chicago White Sox,San Francisco Giants,1,3,0
2025-06-27,Texas Rangers,Seattle Mariners,6,7,0
2025-06-27,Houston Astros,Chicago Cubs,7,4,1
2025-06-27,Kansas City Royals,Los Angeles Dodgers,4,5,0
2025-06-27,Milwaukee Brewers,Colorado Rockies,10,6,1
2025-06-27,Los Angeles Angels,Washington Nationals,9,15,0
2025-06-27,Arizona Diamondbacks,Miami Marlins,8,9,0
2025-06-28,New York Yankees,Athletics,0,7,0
2025-06-28,Detroit Tigers,Minnesota Twins,10,5,1
2025-06-28,Pittsburgh Pirates,New York Mets,9,2,1
2025-06-28,Baltimore Orioles,Tampa Bay Rays,3,11,0
2025-06-28,Texas Rangers,Seattle Mariners,3,2,1
2025-06-28,Kansas City Royals,Los Angeles Dodgers,9,5,1
2025-06-28,Cincinnati Reds,San Diego Padres,4,6,0
2025-06-28,Cleveland Guardians,St. Louis Cardinals,6,9,0
2025-06-28,Boston Red Sox,Toronto Blue Jays,15,1,1
2025-06-28,Chicago White Sox,San Francisco Giants,1,0,1
2025-06-28,Arizona Diamondbacks,Miami Marlins,7,8,0
2025-06-28,Milwaukee Brewers,Colorado Rockies,5,0,1
2025-06-28,Houston Astros,Chicago Cubs,3,12,0
2025-06-28,Atlanta Braves,Philadelphia Phillies,6,1,1
2025-06-28,Los Angeles Angels,Washington Nationals,8,2,1
2025-06-29,Cleveland Guardians,St. Louis Cardinals,0,7,0
2025-06-29,Pittsburgh Pirates,New York Mets,12,1,1
2025-06-29,Baltimore Orioles,Tampa Bay Rays,5,1,1
2025-06-29,Boston Red Sox,Toronto Blue Jays,3,5,0
2025-06-29,Atlanta Braves,Philadelphia Phillies,1,2,0
2025-06-29,New York Yankees,Athletics,12,5,1
2025-06-29,Cincinnati Reds,San Diego Padres,3,2,1
2025-06-29,Houston Astros,Chicago Cubs,2,0,1
2025-06-29,Kansas City Royals,Los Angeles Dodgers,1,5,0
2025-06-29,Chicago White Sox,San Francisco Giants,5,2,1
2025-06-29,Milwaukee Brewers,Colorado Rockies,3,4,0
2025-06-29,Texas Rangers,Seattle Mariners,4,6,0
2025-06-29,Los Angeles Angels,Washington Nationals,4,7,0
2025-06-29,Arizona Diamondbacks,Miami Marlins,4,6,0
2025-06-29,Detroit Tigers,Minnesota Twins,3,0,1
2025-06-30,Philadelphia Phillies,San Diego Padres,4,0,1
2025-06-30,Pittsburgh Pirates,St. Louis Cardinals,7,0,1
2025-06-30,Toronto Blue Jays,New York Yankees,5,4,1
2025-06-30,Boston Red Sox,Cincinnati Reds,13,6,1
2025-06-30,Tampa Bay Rays,Athletics,4,6,0
2025-06-30,Texas Rangers,Baltimore Orioles,6,10,0
2025-06-30,Seattle Mariners,Kansas City Royals,6,2,1
2025-06-30,Arizona Diamondbacks,San Francisco Giants,4,2,1
2025-07-01,Toronto Blue Jays,New York Yankees,12,5,1
2025-07-01,Pittsburgh Pirates,St. Louis Cardinals,1,0,1
2025-07-01,Miami Marlins,Minnesota Twins,2,0,1
2025-07-01,Tampa Bay Rays,Athletics,3,4,0
2025-07-01,Boston Red Sox,Cincinnati Reds,5,3,1
2025-07-01,Atlanta Braves,Los Angeles Angels,0,4,0
2025-07-01,Chicago Cubs,Cleveland Guardians,5,2,1
2025-07-01,Texas Rangers,Baltimore Orioles,10,2,1
2025-07-01,Colorado Rockies,Houston Astros,5,6,0
2025-07-01,Seattle Mariners,Kansas City Royals,3,6,0
2025-07-01,Arizona Diamondbacks,San Francisco Giants,8,2,1
2025-07-01,Los Angeles Dodgers,Chicago White Sox,6,1,1
2025-07-02,Tampa Bay Rays,Athletics,6,5,1
2025-07-02,Pittsburgh Pirates,St. Louis Cardinals,5,0,1
2025-07-02,Washington Nationals,Detroit Tigers,2,11,0
2025-07-02,Washington Nationals,Detroit Tigers,9,4,1
2025-07-02,Philadelphia Phillies,San Diego Padres,4,6,0
2025-07-02,Philadelphia Phillies,San Diego Padres,5,1,1
2025-07-02,New York Mets,Milwaukee Brewers,2,7,0
2025-07-02,New York Mets,Milwaukee Brewers,7,3,1
2025-07-02,Boston Red Sox,Cincinnati Reds,5,3,1
2025-07-02,Miami Marlins,Minnesota Twins,1,2,0
2025-07-02,Toronto Blue Jays,New York Yankees,11,9,1
2025-07-02,Boston Red Sox,Cincinnati Reds,4,8,0
2025-07-02,Atlanta Braves,Los Angeles Angels,8,3,1
2025-07-02,Chicago Cubs,Cleveland Guardians,5,4,1
2025-07-02,Texas Rangers,Baltimore Orioles,6,0,1
2025-07-02,Colorado Rockies,Houston Astros,3,5,0
2025-07-02,Seattle Mariners,Kansas City Royals,3,2,1
2025-07-02,Arizona Diamondbacks,San Francisco Giants,5,6,0
2025-07-02,Los Angeles Dodgers,Chicago White Sox,5,4,1
2025-07-03,Miami Marlins,Minnesota Twins,4,1,1
2025-07-03,Colorado Rockies,Houston Astros,7,6,1
2025-07-03,Washington Nationals,Detroit Tigers,11,7,1
2025-07-03,Toronto Blue Jays,New York Yankees,8,5,1
2025-07-03,New York Mets,Milwaukee Brewers,3,2,1
2025-07-03,Atlanta Braves,Los Angeles Angels,1,5,0
2025-07-03,Chicago Cubs,Cleveland Guardians,1,0,1
2025-07-03,Arizona Diamondbacks,San Francisco Giants,2,7,0
2025-07-03,Seattle Mariners,Kansas City Royals,2,3,0
2025-07-03,Los Angeles Dodgers,Chicago White Sox,6,2,1
2025-07-04,Washington Nationals,Boston Red Sox,2,11,0
2025-07-04,Philadelphia Phillies,Cincinnati Reds,6,9,0
2025-07-04,Chicago Cubs,St. Louis Cardinals,11,3,1
2025-07-04,New York Mets,New York Yankees,6,5,1
2025-07-04,Seattle Mariners,Pittsburgh Pirates,6,0,1
2025-07-04,Minnesota Twins,Tampa Bay Rays,4,3,1
2025-07-04,San Diego Padres,Texas Rangers,3,2,1
2025-07-04,Toronto Blue Jays,Los Angeles Angels,4,3,1
2025-07-04,Cleveland Guardians,Detroit Tigers,1,2,0
2025-07-04,Miami Marlins,Milwaukee Brewers,5,6,0
2025-07-04,Atlanta Braves,Baltimore Orioles,2,3,0
2025-07-04,Colorado Rockies,Chicago White Sox,2,3,0
2025-07-04,Los Angeles Dodgers,Houston Astros,1,18,0
2025-07-04,Arizona Diamondbacks,Kansas City Royals,3,9,0
2025-07-04,Athletics,San Francisco Giants,11,2,1
2025-07-05,Minnesota Twins,Tampa Bay Rays,6,5,1
2025-07-05,Chicago Cubs,St. Louis Cardinals,6,8,0
2025-07-05,Toronto Blue Jays,Los Angeles Angels,4,3,1
2025-07-05,Washington Nationals,Boston Red Sox,3,10,0
2025-07-05,Philadelphia Phillies,Cincinnati Reds,5,1,1
2025-07-05,Arizona Diamondbacks,Kansas City Royals,7,1,1
2025-07-05,Atlanta Braves,Baltimore Orioles,6,9,0
2025-07-05,New York Mets,New York Yankees,12,6,1
2025-07-05,Miami Marlins,Milwaukee Brewers,4,2,1
2025-07-05,Cleveland Guardians,Detroit Tigers,0,1,0
2025-07-05,Los Angeles Dodgers,Houston Astros,4,6,0
2025-07-05,Colorado Rockies,Chicago White Sox,3,10,0
2025-07-05,San Diego Padres,Texas Rangers,4,7,0
2025-07-05,Athletics,San Francisco Giants,2,7,0
2025-07-05,Seattle Mariners,Pittsburgh Pirates,1,0,1
2025-07-06,Atlanta Braves,Baltimore Orioles,1,2,0
2025-07-06,Washington Nationals,Boston Red Sox,4,6,0
2025-07-06,Philadelphia Phillies,Cincinnati Reds,3,1,1
2025-07-06,Toronto Blue Jays,Los Angeles Angels,3,2,1
2025-07-06,Cleveland Guardians,Detroit Tigers,2,7,0
2025-07-06,New York Mets,New York Yankees,4,6,0
2025-07-06,Miami Marlins,Milwaukee Brewers,1,3,0
2025-07-06,Minnesota Twins,Tampa Bay Rays,5,7,0
2025-07-06,Colorado Rockies,Chicago White Sox,6,4,1
2025-07-06,Arizona Diamondbacks,Kansas City Royals,0,4,0
2025-07-06,Los Angeles Dodgers,Houston Astros,1,5,0
2025-07-06,Seattle Mariners,Pittsburgh Pirates,1,0,1
2025-07-06,Chicago Cubs,St. Louis Cardinals,11,0,1
2025-07-06,San Diego Padres,Texas Rangers,4,1,1
2025-07-06,Athletics,San Francisco Giants,2,6,0
2025-07-07,Detroit Tigers,Tampa Bay Rays,5,1,1
2025-07-07,Boston Red Sox,Colorado Rockies,9,3,1
2025-07-07,Cincinnati Reds,Miami Marlins,1,5,0
2025-07-07,Kansas City Royals,Pittsburgh Pirates,9,3,1
2025-07-07,Chicago White Sox,Toronto Blue Jays,4,8,0
2025-07-07,Milwaukee Brewers,Los Angeles Dodgers,9,1,1
2025-07-07,Houston Astros,Cleveland Guardians,5,7,0
2025-07-07,Los Angeles Angels,Texas Rangers,6,5,1
2025-07-07,San Diego Padres,Arizona Diamondbacks,3,6,0
2025-07-07,San Francisco Giants,Philadelphia Phillies,3,1,1
2025-07-08,Baltimore Orioles,New York Mets,6,7,0
2025-07-08,Detroit Tigers,Tampa Bay Rays,4,2,1
2025-07-08,New York Yankees,Seattle Mariners,10,3,1
2025-07-08,Boston Red Sox,Colorado Rockies,10,2,1
2025-07-08,Cincinnati Reds,Miami Marlins,2,12,0
2025-07-08,Kansas City Royals,Pittsburgh Pirates,4,3,1
2025-07-08,Minnesota Twins,Chicago Cubs,8,1,1
2025-07-08,Milwaukee Brewers,Los Angeles Dodgers,3,1,1
2025-07-08,St. Louis Cardinals,Washington Nationals,4,2,1
2025-07-08,Houston Astros,Cleveland Guardians,6,10,0
2025-07-08,Los Angeles Angels,Texas Rangers,1,13,0
2025-07-08,San Diego Padres,Arizona Diamondbacks,1,0,1
2025-07-08,San Francisco Giants,Philadelphia Phillies,4,3,1
2025-07-08,Athletics,Atlanta Braves,10,1,1
2025-07-09,Chicago White Sox,Toronto Blue Jays,2,1,1
2025-07-09,Milwaukee Brewers,Los Angeles Dodgers,3,2,1
2025-07-09,San Francisco Giants,Philadelphia Phillies,0,13,0
2025-07-09,Detroit Tigers,Tampa Bay Rays,3,7,0
2025-07-09,New York Yankees,Seattle Mariners,9,6,1
2025-07-09,Boston Red Sox,Colorado Rockies,10,2,1
2025-07-09,Cincinnati Reds,Miami Marlins,7,2,1
2025-07-09,Kansas City Royals,Pittsburgh Pirates,4,3,1
2025-07-09,Minnesota Twins,Chicago Cubs,4,2,1
2025-07-09,St. Louis Cardinals,Washington Nationals,2,8,0
2025-07-09,Houston Astros,Cleveland Guardians,2,4,0
2025-07-09,Los Angeles Angels,Texas Rangers,11,8,1
2025-07-09,San Diego Padres,Arizona Diamondbacks,2,8,0
2025-07-09,Athletics,Atlanta Braves,2,9,0
2025-07-10,Baltimore Orioles,New York Mets,3,1,1
2025-07-10,Baltimore Orioles,New York Mets,7,3,1
2025-07-10,Minnesota Twins,Chicago Cubs,1,8,0
2025-07-10,Cincinnati Reds,Miami Marlins,6,0,1
2025-07-10,New York Yankees,Seattle Mariners,6,5,1
2025-07-10,Boston Red Sox,Tampa Bay Rays,4,3,1
2025-07-10,St. Louis Cardinals,Washington Nationals,8,1,1
2025-07-10,Athletics,Atlanta Braves,5,4,1
2025-07-10,Los Angeles Angels,Texas Rangers,4,11,0
2025-07-10,San Diego Padres,Arizona Diamondbacks,4,3,1
2025-07-11,Chicago White Sox,Cleveland Guardians,2,4,0
2025-07-11,Chicago White Sox,Cleveland Guardians,5,4,1
2025-07-11,Baltimore Orioles,Miami Marlins,5,2,1
2025-07-11,New York Yankees,Chicago Cubs,11,0,1
2025-07-11,Cincinnati Reds,Colorado Rockies,2,3,0
2025-07-11,Detroit Tigers,Seattle Mariners,3,12,0
2025-07-11,Boston Red Sox,Tampa Bay Rays,5,4,1
2025-07-11,Kansas City Royals,New York Mets,3,8,0
2025-07-11,Houston Astros,Texas Rangers,3,7,0
2025-07-11,Minnesota Twins,Pittsburgh Pirates,2,1,1
2025-07-11,Milwaukee Brewers,Washington Nationals,8,3,1
2025-07-11,St. Louis Cardinals,Atlanta Braves,5,6,0
2025-07-11,Los Angeles Angels,Arizona Diamondbacks,6,5,1
2025-07-11,San Diego Padres,Philadelphia Phillies,4,2,1
2025-07-11,Athletics,Toronto Blue Jays,6,7,0
2025-07-11,San Francisco Giants,Los Angeles Dodgers,8,7,1
2025-07-12,New York Yankees,Chicago Cubs,2,5,0
2025-07-12,Detroit Tigers,Seattle Mariners,7,15,0
2025-07-12,Minnesota Twins,Pittsburgh Pirates,12,4,1
2025-07-12,St. Louis Cardinals,Atlanta Braves,6,7,0
2025-07-12,San Francisco Giants,Los Angeles Dodgers,1,2,0
2025-07-12,Baltimore Orioles,Miami Marlins,0,6,0
2025-07-12,Cincinnati Reds,Colorado Rockies,4,3,1
2025-07-12,Kansas City Royals,New York Mets,1,3,0
2025-07-12,Boston Red Sox,Tampa Bay Rays,1,0,1
2025-07-12,Chicago White Sox,Cleveland Guardians,2,6,0
2025-07-12,Milwaukee Brewers,Washington Nationals,6,5,1
2025-07-12,Houston Astros,Texas Rangers,5,4,1
2025-07-12,San Diego Padres,Philadelphia Phillies,5,4,1
2025-07-12,Los Angeles Angels,Arizona Diamondbacks,10,5,1
2025-07-12,Athletics,Toronto Blue Jays,4,3,1
2025-07-13,Boston Red Sox,Tampa Bay Rays,4,1,1
2025-07-13,Baltimore Orioles,Miami Marlins,1,11,0
2025-07-13,New York Yankees,Chicago Cubs,1,4,0
2025-07-13,Cincinnati Reds,Colorado Rockies,4,2,1
2025-07-13,Detroit Tigers,Seattle Mariners,4,8,0
2025-07-13,Kansas City Royals,New York Mets,3,2,1
2025-07-13,Houston Astros,Texas Rangers,1,5,0
2025-07-13,Minnesota Twins,Pittsburgh Pirates,1,2,0
2025-07-13,Chicago White Sox,Cleveland Guardians,5,6,0
2025-07-13,Milwaukee Brewers,Washington Nationals,8,1,1
2025-07-13,St. Louis Cardinals,Atlanta Braves,5,4,1
2025-07-13,San Francisco Giants,Los Angeles Dodgers,2,5,0
2025-07-13,Athletics,Toronto Blue Jays,6,3,1
2025-07-13,Los Angeles Angels,Arizona Diamondbacks,1,5,0
2025-07-13,San Diego Padres,Philadelphia Phillies,1,2,0
2025-07-18,Chicago Cubs,Boston Red Sox,4,1,1
2025-07-18,Pittsburgh Pirates,Chicago White Sox,1,10,0
2025-07-18,Washington Nationals,San Diego Padres,2,7,0
2025-07-18,Philadelphia Phillies,Los Angeles Angels,5,6,0
2025-07-18,Toronto Blue Jays,San Francisco Giants,4,0,1
2025-07-18,New York Mets,Cincinnati Reds,4,8,0
2025-07-18,Cleveland Guardians,Athletics,8,6,1
2025-07-18,Miami Marlins,Kansas City Royals,8,7,1
2025-07-18,Atlanta Braves,New York Yankees,7,3,1
2025-07-18,Tampa Bay Rays,Baltimore Orioles,11,1,1
2025-07-18,Texas Rangers,Detroit Tigers,2,0,1
2025-07-18,Colorado Rockies,Minnesota Twins,6,4,1
2025-07-18,Arizona Diamondbacks,St. Louis Cardinals,7,3,1
2025-07-18,Seattle Mariners,Houston Astros,6,1,1
2025-07-18,Los Angeles Dodgers,Milwaukee Brewers,0,2,0
2025-07-19,Toronto Blue Jays,San Francisco Giants,6,3,1
2025-07-19,New York Mets,Cincinnati Reds,2,5,0
2025-07-19,Miami Marlins,Kansas City Royals,3,1,1
2025-07-19,Philadelphia Phillies,Los Angeles Angels,9,5,1
2025-07-19,Pittsburgh Pirates,Chicago White Sox,4,10,0
2025-07-19,Washington Nationals,San Diego Padres,4,2,1
2025-07-19,Tampa Bay Rays,Baltimore Orioles,4,3,1
2025-07-19,Texas Rangers,Detroit Tigers,4,1,1
2025-07-19,Cleveland Guardians,Athletics,2,8,0
2025-07-19,Chicago Cubs,Boston Red Sox,6,0,1
2025-07-19,Arizona Diamondbacks,St. Louis Cardinals,10,1,1
2025-07-19,Atlanta Braves,New York Yankees,9,12,0
2025-07-19,Colorado Rockies,Minnesota Twins,10,6,1
2025-07-19,Los Angeles Dodgers,Milwaukee Brewers,7,8,0
2025-07-19,Seattle Mariners,Houston Astros,7,6,1
2025-07-20,Toronto Blue Jays,San Francisco Giants,8,6,1
2025-07-20,Tampa Bay Rays,Baltimore Orioles,3,5,0
2025-07-20,Washington Nationals,San Diego Padres,1,8,0
2025-07-20,Philadelphia Phillies,Los Angeles Angels,2,8,0
2025-07-20,Pittsburgh Pirates,Chicago White Sox,2,7,0
2025-07-20,Atlanta Braves,New York Yankees,2,4,0
2025-07-20,New York Mets,Cincinnati Reds,3,2,1
2025-07-20,Cleveland Guardians,Athletics,8,2,1
2025-07-20,Miami Marlins,Kansas City Royals,4,7,0
2025-07-20,Chicago Cubs,Boston Red Sox,1,6,0
2025-07-20,Colorado Rockies,Minnesota Twins,1,7,0
2025-07-20,Seattle Mariners,Houston Astros,3,11,0
2025-07-20,Arizona Diamondbacks,St. Louis Cardinals,5,3,1
2025-07-20,Los Angeles Dodgers,Milwaukee Brewers,5,6,0
2025-07-20,Texas Rangers,Detroit Tigers,1,2,0
2025-07-21,Cleveland Guardians,Baltimore Orioles,10,5,1
2025-07-21,Pittsburgh Pirates,Detroit Tigers,3,0,1
2025-07-21,Miami Marlins,San Diego Padres,1,2,0
2025-07-21,Washington Nationals,Cincinnati Reds,10,8,1
2025-07-21,Philadelphia Phillies,Boston Red Sox,3,2,1
2025-07-21,Toronto Blue Jays,New York Yankees,4,1,1
2025-07-21,New York Mets,Los Angeles Angels,7,5,1
2025-07-21,Atlanta Braves,San Francisco Giants,9,5,1
2025-07-21,Tampa Bay Rays,Chicago White Sox,3,8,0
2025-07-21,Chicago Cubs,Kansas City Royals,4,12,0
2025-07-21,Texas Rangers,Athletics,7,2,1
2025-07-21,Colorado Rockies,St. Louis Cardinals,2,6,0
2025-07-21,Arizona Diamondbacks,Houston Astros,3,6,0
2025-07-21,Seattle Mariners,Milwaukee Brewers,0,6,0
2025-07-21,Los Angeles Dodgers,Minnesota Twins,5,2,1
2025-07-22,Cleveland Guardians,Baltimore Orioles,6,3,1
2025-07-22,Pittsburgh Pirates,Detroit Tigers,8,5,1
2025-07-22,Miami Marlins,San Diego Padres,4,3,1
2025-07-22,Washington Nationals,Cincinnati Reds,6,1,1
2025-07-22,Philadelphia Phillies,Boston Red Sox,4,1,1
2025-07-22,Tampa Bay Rays,Chicago White Sox,4,3,1
2025-07-22,Toronto Blue Jays,New York Yankees,4,5,0
2025-07-22,New York Mets,Los Angeles Angels,3,2,1
2025-07-22,Atlanta Braves,San Francisco Giants,0,9,0
2025-07-22,Chicago Cubs,Kansas City Royals,6,0,1
2025-07-22,Texas Rangers,Athletics,6,2,1
2025-07-22,Colorado Rockies,St. Louis Cardinals,8,4,1
2025-07-22,Arizona Diamondbacks,Houston Astros,1,3,0
2025-07-22,Seattle Mariners,Milwaukee Brewers,1,0,1
2025-07-22,Los Angeles Dodgers,Minnesota Twins,7,10,0
2025-07-23,Washington Nationals,Cincinnati Reds,0,5,0
2025-07-23,Miami Marlins,San Diego Padres,3,2,1
2025-07-23,Atlanta Braves,San Francisco Giants,3,9,0
2025-07-23,Pittsburgh Pirates,Detroit Tigers,6,1,1
2025-07-23,New York Mets,Los Angeles Angels,6,3,1
2025-07-23,Chicago Cubs,Kansas City Royals,4,8,0
2025-07-23,Colorado Rockies,St. Louis Cardinals,6,0,1
2025-07-23,Arizona Diamondbacks,Houston Astros,3,4,0
2025-07-23,Seattle Mariners,Milwaukee Brewers,2,10,0
2025-07-23,Los Angeles Dodgers,Minnesota Twins,4,3,1
2025-07-23,Cleveland Guardians,Baltimore Orioles,3,2,1
2025-07-23,Toronto Blue Jays,New York Yankees,8,4,1
2025-07-23,Philadelphia Phillies,Boston Red Sox,8,9,0
2025-07-23,Tampa Bay Rays,Chicago White Sox,9,11,0
2025-07-23,Texas Rangers,Athletics,2,1,1
2025-07-24,Cleveland Guardians,Baltimore Orioles,3,4,0
2025-07-24,Detroit Tigers,Toronto Blue Jays,4,11,0
2025-07-24,St. Louis Cardinals,San Diego Padres,9,7,1
2025-07-24,Houston Astros,Athletics,2,5,0
2025-07-24,Los Angeles Angels,Seattle Mariners,2,4,0
2025-07-25,Milwaukee Brewers,Miami Marlins,1,5,0
2025-07-25,Pittsburgh Pirates,Arizona Diamondbacks,0,1,0
2025-07-25,Baltimore Orioles,Colorado Rockies,5,6,0
2025-07-25,New York Yankees,Philadelphia Phillies,5,12,0
2025-07-25,Boston Red Sox,Los Angeles Dodgers,2,5,0
2025-07-25,Cincinnati Reds,Tampa Bay Rays,7,2,1
2025-07-25,Detroit Tigers,Toronto Blue Jays,2,6,0
2025-07-25,St. Louis Cardinals,San Diego Padres,3,0,1
2025-07-25,Chicago White Sox,Chicago Cubs,12,5,1
2025-07-25,Texas Rangers,Atlanta Braves,8,3,1
2025-07-25,Houston Astros,Athletics,3,15,0
2025-07-25,Minnesota Twins,Washington Nationals,1,0,1
2025-07-25,Los Angeles Angels,Seattle Mariners,3,2,1
2025-07-25,San Francisco Giants,New York Mets,1,8,0
2025-07-26,New York Yankees,Philadelphia Phillies,4,9,0
2025-07-26,Kansas City Royals,Cleveland Guardians,5,3,1
2025-07-26,Kansas City Royals,Cleveland Guardians,4,6,0
2025-07-26,Detroit Tigers,Toronto Blue Jays,1,6,0
2025-07-26,Pittsburgh Pirates,Arizona Diamondbacks,2,0,1
2025-07-26,Cincinnati Reds,Tampa Bay Rays,6,2,1
2025-07-26,Baltimore Orioles,Colorado Rockies,18,0,1
2025-07-26,Texas Rangers,Atlanta Braves,6,5,1
2025-07-26,Houston Astros,Athletics,1,5,0
2025-07-26,Minnesota Twins,Washington Nationals,3,9,0
2025-07-26,Chicago White Sox,Chicago Cubs,1,6,0
2025-07-26,Milwaukee Brewers,Miami Marlins,4,7,0
2025-07-26,Boston Red Sox,Los Angeles Dodgers,4,2,1
2025-07-26,St. Louis Cardinals,San Diego Padres,1,3,0
2025-07-26,San Francisco Giants,New York Mets,1,2,0
2025-07-26,Los Angeles Angels,Seattle Mariners,2,7,0
2025-07-27,Baltimore Orioles,Colorado Rockies,5,1,1
2025-07-27,Boston Red Sox,Los Angeles Dodgers,4,3,1
2025-07-27,Pittsburgh Pirates,Arizona Diamondbacks,6,0,1
2025-07-27,New York Yankees,Philadelphia Phillies,4,3,1
2025-07-27,Cincinnati Reds,Tampa Bay Rays,2,1,1
2025-07-27,Detroit Tigers,Toronto Blue Jays,10,4,1
2025-07-27,Kansas City Royals,Cleveland Guardians,4,1,1
2025-07-27,Houston Astros,Athletics,1,7,0
2025-07-27,Minnesota Twins,Washington Nationals,2,7,0
2025-07-27,Chicago White Sox,Chicago Cubs,4,5,0
2025-07-27,Milwaukee Brewers,Miami Marlins,3,2,1
2025-07-27,St. Louis Cardinals,San Diego Padres,2,9,0
2025-07-27,Texas Rangers,Atlanta Braves,8,1,1
2025-07-27,Los Angeles Angels,Seattle Mariners,4,1,1
2025-07-27,San Francisco Giants,New York Mets,3,5,0
2025-07-28,Baltimore Orioles,Toronto Blue Jays,11,4,1
2025-07-28,Cleveland Guardians,Colorado Rockies,6,8,0
2025-07-28,Detroit Tigers,Arizona Diamondbacks,5,1,1
2025-07-28,New York Yankees,Tampa Bay Rays,2,4,0
2025-07-28,Cincinnati Reds,Los Angeles Dodgers,2,5,0
2025-07-28,Minnesota Twins,Boston Red Sox,5,4,1
2025-07-28,Kansas City Royals,Atlanta Braves,7,10,0
2025-07-28,Chicago White Sox,Philadelphia Phillies,6,2,1
2025-07-28,Milwaukee Brewers,Chicago Cubs,8,4,1
2025-07-28,St. Louis Cardinals,Miami Marlins,7,1,1
2025-07-28,Houston Astros,Washington Nationals,1,2,0
2025-07-28,Los Angeles Angels,Texas Rangers,6,4,1
2025-07-28,San Diego Padres,New York Mets,7,6,1
2025-07-28,San Francisco Giants,Pittsburgh Pirates,5,6,0
2025-07-28,Athletics,Seattle Mariners,1,3,0
2025-07-29,Baltimore Orioles,Toronto Blue Jays,16,4,1
2025-07-29,Baltimore Orioles,Toronto Blue Jays,3,2,1
2025-07-29,Cleveland Guardians,Colorado Rockies,10,4,1
2025-07-29,Detroit Tigers,Arizona Diamondbacks,12,2,1
2025-07-29,New York Yankees,Tampa Bay Rays,7,5,1
2025-07-29,Cincinnati Reds,Los Angeles Dodgers,4,5,0
2025-07-29,Minnesota Twins,Boston Red Sox,5,8,0
2025-07-29,Kansas City Royals,Atlanta Braves,9,6,1
2025-07-29,Chicago White Sox,Philadelphia Phillies,3,6,0
2025-07-29,Milwaukee Brewers,Chicago Cubs,9,3,1
2025-07-29,St. Louis Cardinals,Miami Marlins,0,5,0
2025-07-29,Houston Astros,Washington Nationals,7,4,1
2025-07-29,Los Angeles Angels,Texas Rangers,8,5,1
2025-07-29,San Diego Padres,New York Mets,7,1,1
2025-07-29,San Francisco Giants,Pittsburgh Pirates,1,3,0
2025-07-29,Athletics,Seattle Mariners,6,1,1
2025-07-30,Baltimore Orioles,Toronto Blue Jays,8,9,0
2025-07-30,Detroit Tigers,Arizona Diamondbacks,7,2,1
2025-07-30,Minnesota Twins,Boston Red Sox,1,13,0
2025-07-30,Houston Astros,Washington Nationals,9,1,1
2025-07-30,Kansas City Royals,Atlanta Braves,1,0,1
2025-07-30,Chicago White Sox,Philadelphia Phillies,9,3,1
2025-07-30,Milwaukee Brewers,Chicago Cubs,3,10,0
2025-07-30,San Francisco Giants,Pittsburgh Pirates,1,2,0
2025-07-30,San Diego Padres,New York Mets,5,0,1
2025-07-30,Cleveland Guardians,Colorado Rockies,5,0,1
2025-07-30,New York Yankees,Tampa Bay Rays,5,4,1
2025-07-30,Cincinnati Reds,Los Angeles Dodgers,5,2,1
2025-07-30,St. Louis Cardinals,Miami Marlins,0,2,0
2025-07-30,Los Angeles Angels,Texas Rangers,3,6,0
2025-07-30,Athletics,Seattle Mariners,5,4,1
2025-07-31,New York Yankees,Tampa Bay Rays,7,4,1
2025-07-31,Cincinnati Reds,Atlanta Braves,11,12,0
2025-07-31,Seattle Mariners,Texas Rangers,6,0,1
2025-08-01,Cincinnati Reds,Atlanta Braves,3,2,1
2025-08-01,Chicago Cubs,Baltimore Orioles,1,0,1
2025-08-01,Philadelphia Phillies,Detroit Tigers,5,4,1
2025-08-01,Washington Nationals,Milwaukee Brewers,9,16,0
2025-08-01,Toronto Blue Jays,Kansas City Royals,3,9,0
2025-08-01,Boston Red Sox,Houston Astros,2,1,1
2025-08-01,New York Mets,San Francisco Giants,3,4,0
2025-08-01,Cleveland Guardians,Minnesota Twins,3,2,1
2025-08-01,Miami Marlins,New York Yankees,13,12,1
2025-08-01,Tampa Bay Rays,Los Angeles Dodgers,0,5,0
2025-08-01,Colorado Rockies,Pittsburgh Pirates,17,16,1
2025-08-01,Los Angeles Angels,Chicago White Sox,3,6,0
2025-08-01,San Diego Padres,St. Louis Cardinals,4,1,1
2025-08-01,Athletics,Arizona Diamondbacks,5,1,1
2025-08-01,Seattle Mariners,Texas Rangers,4,3,1
2025-08-02,Tampa Bay Rays,Los Angeles Dodgers,4,0,1
2025-08-02,Chicago Cubs,Baltimore Orioles,3,4,0
2025-08-02,Toronto Blue Jays,Kansas City Royals,4,2,1
2025-08-02,Colorado Rockies,Pittsburgh Pirates,8,5,1
2025-08-02,Philadelphia Phillies,Detroit Tigers,5,7,0
2025-08-02,Washington Nationals,Milwaukee Brewers,2,8,0
2025-08-02,Boston Red Sox,Houston Astros,7,3,1
2025-08-02,New York Mets,San Francisco Giants,12,6,1
2025-08-02,Seattle Mariners,Texas Rangers,4,6,0
2025-08-02,Cleveland Guardians,Minnesota Twins,5,4,1
2025-08-02,Miami Marlins,New York Yankees,2,0,1
2025-08-02,Cincinnati Reds,Atlanta Braves,2,4,0
2025-08-02,Athletics,Arizona Diamondbacks,2,7,0
2025-08-02,Los Angeles Angels,Chicago White Sox,0,1,0
2025-08-02,San Diego Padres,St. Louis Cardinals,5,8,0
2025-08-03,Boston Red Sox,Houston Astros,6,1,1
2025-08-03,Tampa Bay Rays,Los Angeles Dodgers,0,3,0
2025-08-03,Cincinnati Reds,Atlanta Braves,2,4,0
2025-08-03,Washington Nationals,Milwaukee Brewers,3,14,0
2025-08-03,Toronto Blue Jays,Kansas City Royals,4,7,0
2025-08-03,New York Mets,San Francisco Giants,4,12,0
2025-08-03,Cleveland Guardians,Minnesota Twins,4,5,0
2025-08-03,Miami Marlins,New York Yankees,7,3,1
2025-08-03,Chicago Cubs,Baltimore Orioles,5,3,1
2025-08-03,Colorado Rockies,Pittsburgh Pirates,5,9,0
2025-08-03,Athletics,Arizona Diamondbacks,4,6,0
2025-08-03,Los Angeles Angels,Chicago White Sox,8,5,1
2025-08-03,San Diego Padres,St. Louis Cardinals,7,3,1
2025-08-03,Seattle Mariners,Texas Rangers,5,4,1
2025-08-03,Philadelphia Phillies,Detroit Tigers,2,0,1
2025-08-04,Pittsburgh Pirates,San Francisco Giants,5,4,1
2025-08-04,Detroit Tigers,Minnesota Twins,6,3,1
2025-08-04,Miami Marlins,Houston Astros,2,8,0
2025-08-04,Philadelphia Phillies,Baltimore Orioles,13,3,1
2025-08-04,Boston Red Sox,Kansas City Royals,8,5,1
2025-08-04,New York Mets,Cleveland Guardians,6,7,0
2025-08-04,Atlanta Braves,Milwaukee Brewers,1,3,0
2025-08-04,Chicago Cubs,Cincinnati Reds,2,3,0
2025-08-04,Texas Rangers,New York Yankees,8,5,1
2025-08-04,Colorado Rockies,Toronto Blue Jays,1,15,0
2025-08-04,Los Angeles Angels,Tampa Bay Rays,5,1,1
2025-08-04,Arizona Diamondbacks,San Diego Padres,6,2,1
2025-08-04,Los Angeles Dodgers,St. Louis Cardinals,2,3,0
2025-08-05,Pittsburgh Pirates,San Francisco Giants,1,8,0
2025-08-05,Detroit Tigers,Minnesota Twins,3,6,0
2025-08-05,Miami Marlins,Houston Astros,3,7,0
2025-08-05,Washington Nationals,Athletics,7,16,0
2025-08-05,Philadelphia Phillies,Baltimore Orioles,5,0,1
2025-08-05,Boston Red Sox,Kansas City Royals,6,2,1
2025-08-05,New York Mets,Cleveland Guardians,2,3,0
2025-08-05,Atlanta Braves,Milwaukee Brewers,2,7,0
2025-08-05,Chicago Cubs,Cincinnati Reds,1,5,0
2025-08-05,Texas Rangers,New York Yankees,2,0,1
2025-08-05,Colorado Rockies,Toronto Blue Jays,4,10,0
2025-08-05,Los Angeles Angels,Tampa Bay Rays,3,7,0
2025-08-05,Arizona Diamondbacks,San Diego Padres,5,10,0
2025-08-05,Seattle Mariners,Chicago White Sox,8,3,1
2025-08-05,Los Angeles Dodgers,St. Louis Cardinals,12,6,1
2025-08-06,Pittsburgh Pirates,San Francisco Giants,2,4,0
2025-08-06,Philadelphia Phillies,Baltimore Orioles,1,5,0
2025-08-06,New York Mets,Cleveland Guardians,1,4,0
2025-08-06,Detroit Tigers,Minnesota Twins,4,9,0
2025-08-06,Chicago Cubs,Cincinnati Reds,6,1,1
2025-08-06,Texas Rangers,New York Yankees,2,3,0
2025-08-06,Colorado Rockies,Toronto Blue Jays,1,20,0
2025-08-06,Los Angeles Angels,Tampa Bay Rays,4,5,0
2025-08-06,Los Angeles Dodgers,St. Louis Cardinals,3,5,0
2025-08-06,Miami Marlins,Houston Astros,6,4,1
2025-08-06,Washington Nationals,Athletics,2,1,1
2025-08-06,Boston Red Sox,Kansas City Royals,3,7,0
2025-08-06,Atlanta Braves,Milwaukee Brewers,4,5,0
2025-08-06,Arizona Diamondbacks,San Diego Padres,2,3,0
2025-08-06,Seattle Mariners,Chicago White Sox,8,6,1
2025-08-07,Washington Nationals,Athletics,0,6,0
2025-08-07,Seattle Mariners,Chicago White Sox,4,3,1
2025-08-07,Pittsburgh Pirates,Cincinnati Reds,7,0,1
2025-08-07,Atlanta Braves,Miami Marlins,8,6,1
2025-08-08,Pittsburgh Pirates,Cincinnati Reds,3,2,1
2025-08-08,Baltimore Orioles,Athletics,3,2,1
2025-08-08,New York Yankees,Houston Astros,3,5,0
2025-08-08,Detroit Tigers,Los Angeles Angels,6,5,1
2025-08-08,Atlanta Braves,Miami Marlins,1,5,0
2025-08-08,Chicago White Sox,Cleveland Guardians,5,9,0
2025-08-08,Texas Rangers,Philadelphia Phillies,1,9,0
2025-08-08,Minnesota Twins,Kansas City Royals,9,4,1
2025-08-08,Milwaukee Brewers,New York Mets,3,2,1
2025-08-08,St. Louis Cardinals,Chicago Cubs,5,0,1
2025-08-08,Arizona Diamondbacks,Colorado Rockies,6,1,1
2025-08-08,San Diego Padres,Boston Red Sox,2,10,0
2025-08-08,Seattle Mariners,Tampa Bay Rays,3,2,1
2025-08-08,Los Angeles Dodgers,Toronto Blue Jays,5,1,1
2025-08-08,San Francisco Giants,Washington Nationals,5,0,1
2025-08-09,Atlanta Braves,Miami Marlins,7,1,1
2025-08-09,Atlanta Braves,Miami Marlins,8,6,1
2025-08-09,New York Yankees,Houston Astros,5,4,1
2025-08-09,San Francisco Giants,Washington Nationals,2,4,0
2025-08-09,Detroit Tigers,Los Angeles Angels,4,7,0
2025-08-09,Pittsburgh Pirates,Cincinnati Reds,1,2,0
2025-08-09,Baltimore Orioles,Athletics,3,11,0
2025-08-09,Minnesota Twins,Kansas City Royals,0,2,0
2025-08-09,Chicago White Sox,Cleveland Guardians,1,3,0
2025-08-09,Milwaukee Brewers,New York Mets,7,4,1
2025-08-09,St. Louis Cardinals,Chicago Cubs,1,9,0
2025-08-09,Texas Rangers,Philadelphia Phillies,2,3,0
2025-08-09,Arizona Diamondbacks,Colorado Rockies,6,5,1
2025-08-09,San Diego Padres,Boston Red Sox,5,4,1
2025-08-09,Los Angeles Dodgers,Toronto Blue Jays,9,1,1
2025-08-09,Seattle Mariners,Tampa Bay Rays,7,4,1
2025-08-10,Minnesota Twins,Kansas City Royals,5,3,1
2025-08-10,Baltimore Orioles,Athletics,2,3,0
2025-08-10,Pittsburgh Pirates,Cincinnati Reds,8,14,0
2025-08-10,Atlanta Braves,Miami Marlins,7,1,1
2025-08-10,New York Yankees,Houston Astros,1,7,0
2025-08-10,Detroit Tigers,Los Angeles Angels,9,5,1
2025-08-10,Chicago White Sox,Cleveland Guardians,6,4,1
2025-08-10,Milwaukee Brewers,New York Mets,7,6,1
2025-08-10,Texas Rangers,Philadelphia Phillies,2,4,0
2025-08-10,San Francisco Giants,Washington Nationals,0,8,0
2025-08-10,Arizona Diamondbacks,Colorado Rockies,13,6,1
2025-08-10,San Diego Padres,Boston Red Sox,6,2,1
2025-08-10,Seattle Mariners,Tampa Bay Rays,6,3,1
2025-08-10,Los Angeles Dodgers,Toronto Blue Jays,4,5,0
2025-08-10,St. Louis Cardinals,Chicago Cubs,3,2,1
2025-08-11,Cincinnati Reds,Philadelphia Phillies,1,4,0
2025-08-11,New York Yankees,Minnesota Twins,6,2,1
2025-08-11,Kansas City Royals,Washington Nationals,7,4,1
2025-08-11,Chicago White Sox,Detroit Tigers,1,2,0
2025-08-11,Milwaukee Brewers,Pittsburgh Pirates,7,1,1
2025-08-11,St. Louis Cardinals,Colorado Rockies,3,2,1
2025-08-11,Texas Rangers,Arizona Diamondbacks,7,6,1
2025-08-11,Houston Astros,Boston Red Sox,7,6,1
2025-08-11,Los Angeles Angels,Los Angeles Dodgers,7,4,1
2025-08-11,San Francisco Giants,San Diego Padres,1,4,0
2025-08-11,Athletics,Tampa Bay Rays,4,7,0
2025-08-12,Baltimore Orioles,Seattle Mariners,0,1,0
2025-08-12,Cincinnati Reds,Philadelphia Phillies,6,1,1
2025-08-12,Cleveland Guardians,Miami Marlins,4,3,1
2025-08-12,New York Yankees,Minnesota Twins,9,1,1
2025-08-12,Toronto Blue Jays,Chicago Cubs,5,1,1
2025-08-12,New York Mets,Atlanta Braves,13,5,1
2025-08-12,Kansas City Royals,Washington Nationals,8,5,1
2025-08-12,Chicago White Sox,Detroit Tigers,9,6,1
2025-08-12,Milwaukee Brewers,Pittsburgh Pirates,14,0,1
2025-08-12,St. Louis Cardinals,Colorado Rockies,0,3,0
2025-08-12,Texas Rangers,Arizona Diamondbacks,2,3,0
2025-08-12,Houston Astros,Boston Red Sox,1,14,0
2025-08-12,Los Angeles Angels,Los Angeles Dodgers,7,6,1
2025-08-12,San Francisco Giants,San Diego Padres,1,5,0
2025-08-12,Athletics,Tampa Bay Rays,6,0,1
2025-08-13,Kansas City Royals,Washington Nationals,7,8,0
2025-08-13,Chicago White Sox,Detroit Tigers,0,1,0
2025-08-13,Milwaukee Brewers,Pittsburgh Pirates,12,5,1
2025-08-13,St. Louis Cardinals,Colorado Rockies,5,6,0
2025-08-13,Texas Rangers,Arizona Diamondbacks,4,6,0
2025-08-13,San Francisco Giants,San Diego Padres,1,11,0
2025-08-13,Cincinnati Reds,Philadelphia Phillies,8,0,1
2025-08-13,Baltimore Orioles,Seattle Mariners,4,3,1
2025-08-13,Cleveland Guardians,Miami Marlins,4,13,0
2025-08-13,New York Yankees,Minnesota Twins,1,4,0
2025-08-13,Toronto Blue Jays,Chicago Cubs,1,4,0
2025-08-13,Houston Astros,Boston Red Sox,4,1,1
2025-08-13,New York Mets,Atlanta Braves,6,11,0
2025-08-13,Los Angeles Angels,Los Angeles Dodgers,6,5,1
2025-08-13,Athletics,Tampa Bay Rays,2,8,0
2025-08-14,Baltimore Orioles,Seattle Mariners,5,3,1
2025-08-14,Toronto Blue Jays,Chicago Cubs,2,1,1
2025-08-14,Cleveland Guardians,Miami Marlins,9,4,1
2025-08-14,Washington Nationals,Philadelphia Phillies,3,2,1
2025-08-14,New York Mets,Atlanta Braves,3,4,0
2025-08-14,Minnesota Twins,Detroit Tigers,3,4,0
2025-08-14,Colorado Rockies,Arizona Diamondbacks,2,8,0
2025-08-15,Chicago Cubs,Pittsburgh Pirates,2,3,0
2025-08-15,Cincinnati Reds,Milwaukee Brewers,8,10,0
2025-08-15,Washington Nationals,Philadelphia Phillies,2,6,0
2025-08-15,Toronto Blue Jays,Texas Rangers,6,5,1
2025-08-15,New York Mets,Seattle Mariners,9,11,0
2025-08-15,Cleveland Guardians,Atlanta Braves,0,2,0
2025-08-15,Boston Red Sox,Miami Marlins,2,1,1
2025-08-15,Houston Astros,Baltimore Orioles,0,7,0
2025-08-15,Minnesota Twins,Detroit Tigers,0,7,0
2025-08-15,Kansas City Royals,Chicago White Sox,3,1,1
2025-08-15,St. Louis Cardinals,New York Yankees,3,4,0
2025-08-15,Colorado Rockies,Arizona Diamondbacks,4,3,1
2025-08-15,Athletics,Los Angeles Angels,10,3,1
2025-08-15,Los Angeles Dodgers,San Diego Padres,3,2,1
2025-08-15,San Francisco Giants,Tampa Bay Rays,6,7,0
2025-08-16,Chicago Cubs,Pittsburgh Pirates,3,1,1
2025-08-16,Toronto Blue Jays,Texas Rangers,14,2,1
2025-08-16,Washington Nationals,Philadelphia Phillies,2,0,1
2025-08-16,New York Mets,Seattle Mariners,3,1,1
2025-08-16,Boston Red Sox,Miami Marlins,7,5,1
2025-08-16,Cincinnati Reds,Milwaukee Brewers,5,6,0
2025-08-16,Houston Astros,Baltimore Orioles,5,4,1
2025-08-16,Cleveland Guardians,Atlanta Braves,1,10,0
2025-08-16,Kansas City Royals,Chicago White Sox,6,2,1
2025-08-16,Minnesota Twins,Detroit Tigers,5,8,0
2025-08-16,St. Louis Cardinals,New York Yankees,8,12,0
2025-08-16,Colorado Rockies,Arizona Diamondbacks,10,7,1
2025-08-16,San Francisco Giants,Tampa Bay Rays,1,2,0
2025-08-16,Los Angeles Dodgers,San Diego Padres,6,0,1
2025-08-16,Athletics,Los Angeles Angels,7,2,1
2025-08-17,Washington Nationals,Philadelphia Phillies,9,11,0
2025-08-17,Boston Red Sox,Miami Marlins,3,5,0
2025-08-17,Toronto Blue Jays,Texas Rangers,4,10,0
2025-08-17,Cleveland Guardians,Atlanta Braves,4,5,0
2025-08-17,Cincinnati Reds,Milwaukee Brewers,3,2,1
2025-08-17,Houston Astros,Baltimore Orioles,0,12,0
2025-08-17,Minnesota Twins,Detroit Tigers,8,1,1
2025-08-17,Kansas City Royals,Chicago White Sox,6,2,1
2025-08-17,St. Louis Cardinals,New York Yankees,4,8,0
2025-08-17,Chicago Cubs,Pittsburgh Pirates,4,3,1
2025-08-17,Colorado Rockies,Arizona Diamondbacks,6,5,1
2025-08-17,Athletics,Los Angeles Angels,5,11,0
2025-08-17,San Francisco Giants,Tampa Bay Rays,7,1,1
2025-08-17,Los Angeles Dodgers,San Diego Padres,5,4,1
2025-08-17,New York Mets,Seattle Mariners,7,3,1
2025-08-18,Chicago Cubs,Milwaukee Brewers,0,7,0
2025-08-18,Detroit Tigers,Houston Astros,10,0,1
2025-08-18,Pittsburgh Pirates,Toronto Blue Jays,5,2,1
2025-08-18,Miami Marlins,St. Louis Cardinals,3,8,0
2025-08-18,Philadelphia Phillies,Seattle Mariners,12,7,1
2025-08-18,Boston Red Sox,Baltimore Orioles,3,6,0
2025-08-18,Atlanta Braves,Chicago White Sox,9,13,0
2025-08-18,Kansas City Royals,Texas Rangers,4,3,1
2025-08-18,Colorado Rockies,Los Angeles Dodgers,4,3,1
2025-08-18,Los Angeles Angels,Cincinnati Reds,1,4,0
2025-08-18,Arizona Diamondbacks,Cleveland Guardians,1,3,0
2025-08-18,San Diego Padres,San Francisco Giants,3,4,0
2025-08-19,Chicago Cubs,Milwaukee Brewers,6,4,1
2025-08-19,Chicago Cubs,Milwaukee Brewers,4,1,1
2025-08-19,Detroit Tigers,Houston Astros,1,0,1
2025-08-19,Pittsburgh Pirates,Toronto Blue Jays,3,7,0
2025-08-19,Miami Marlins,St. Louis Cardinals,4,7,0
2025-08-19,Washington Nationals,New York Mets,1,8,0
2025-08-19,Philadelphia Phillies,Seattle Mariners,6,4,1
2025-08-19,Boston Red Sox,Baltimore Orioles,3,4,0
2025-08-19,Atlanta Braves,Chicago White Sox,11,10,1
2025-08-19,Tampa Bay Rays,New York Yankees,3,13,0
2025-08-19,Kansas City Royals,Texas Rangers,5,2,1
2025-08-19,Minnesota Twins,Athletics,3,6,0
2025-08-19,Colorado Rockies,Los Angeles Dodgers,4,11,0
2025-08-19,Los Angeles Angels,Cincinnati Reds,4,6,0
2025-08-19,Arizona Diamondbacks,Cleveland Guardians,6,5,1
2025-08-19,San Diego Padres,San Francisco Giants,5,1,1
2025-08-20,Pittsburgh Pirates,Toronto Blue Jays,2,1,1
2025-08-20,Philadelphia Phillies,Seattle Mariners,11,2,1
2025-08-20,Detroit Tigers,Houston Astros,7,2,1
2025-08-20,Arizona Diamondbacks,Cleveland Guardians,3,2,1
2025-08-20,Miami Marlins,St. Louis Cardinals,6,2,1
2025-08-20,Washington Nationals,New York Mets,5,4,1
2025-08-20,Atlanta Braves,Chicago White Sox,1,0,1
2025-08-20,Tampa Bay Rays,New York Yankees,4,6,0
2025-08-20,Kansas City Royals,Texas Rangers,3,6,0
2025-08-20,Minnesota Twins,Athletics,2,4,0
2025-08-20,Chicago Cubs,Milwaukee Brewers,4,3,1
2025-08-20,Colorado Rockies,Los Angeles Dodgers,8,3,1
2025-08-20,Los Angeles Angels,Cincinnati Reds,2,1,1
2025-08-20,San Diego Padres,San Francisco Giants,8,1,1
2025-08-21,Minnesota Twins,Athletics,3,8,0
2025-08-21,Kansas City Royals,Texas Rangers,6,4,1
2025-08-21,Chicago Cubs,Milwaukee Brewers,1,4,0
2025-08-21,Colorado Rockies,Los Angeles Dodgers,5,9,0
2025-08-21,Washington Nationals,New York Mets,9,3,1
2025-08-21,San Diego Padres,San Francisco Giants,8,4,1
2025-08-21,Baltimore Orioles,Houston Astros,2,7,0
2025-08-21,New York Yankees,Boston Red Sox,3,6,0
2025-08-21,Tampa Bay Rays,St. Louis Cardinals,4,7,0
2025-08-22,Pittsburgh Pirates,Colorado Rockies,9,0,1
2025-08-22,Philadelphia Phillies,Washington Nationals,4,5,0
2025-08-22,Baltimore Orioles,Houston Astros,7,10,0
2025-08-22,New York Yankees,Boston Red Sox,0,1,0
2025-08-22,Detroit Tigers,Kansas City Royals,7,5,1
2025-08-22,Miami Marlins,Toronto Blue Jays,2,5,0
2025-08-22,Atlanta Braves,New York Mets,7,12,0
2025-08-22,Tampa Bay Rays,St. Louis Cardinals,10,6,1
2025-08-22,Chicago White Sox,Minnesota Twins,7,9,0
2025-08-22,Texas Rangers,Cleveland Guardians,4,3,1
2025-08-22,Milwaukee Brewers,San Francisco Giants,5,4,1
2025-08-22,Los Angeles Angels,Chicago Cubs,2,3,0
2025-08-22,Arizona Diamondbacks,Cincinnati Reds,6,5,1
2025-08-22,San Diego Padres,Los Angeles Dodgers,2,1,1
2025-08-22,Seattle Mariners,Athletics,3,2,1
2025-08-23,New York Yankees,Boston Red Sox,1,12,0
2025-08-23,Miami Marlins,Toronto Blue Jays,6,7,0
2025-08-23,Philadelphia Phillies,Washington Nationals,6,4,1
2025-08-23,Detroit Tigers,Kansas City Royals,4,2,1
2025-08-23,Pittsburgh Pirates,Colorado Rockies,5,1,1
2025-08-23,Baltimore Orioles,Houston Astros,8,9,0
2025-08-23,Texas Rangers,Cleveland Guardians,10,0,1
2025-08-23,Chicago White Sox,Minnesota Twins,7,3,1
2025-08-23,Milwaukee Brewers,San Francisco Giants,1,7,0
2025-08-23,Atlanta Braves,New York Mets,2,9,0
2025-08-23,Arizona Diamondbacks,Cincinnati Reds,10,1,1
2025-08-23,San Diego Padres,Los Angeles Dodgers,5,1,1
2025-08-23,Los Angeles Angels,Chicago Cubs,1,12,0
2025-08-23,Seattle Mariners,Athletics,1,2,0
2025-08-24,Pittsburgh Pirates,Colorado Rockies,4,0,1
2025-08-24,Tampa Bay Rays,St. Louis Cardinals,7,2,1
2025-08-24,Baltimore Orioles,Houston Astros,3,2,1
2025-08-24,Philadelphia Phillies,Washington Nationals,3,2,1
2025-08-24,Atlanta Braves,New York Mets,4,3,1
2025-08-24,Detroit Tigers,Kansas City Royals,8,10,0
2025-08-24,Miami Marlins,Toronto Blue Jays,5,3,1
2025-08-24,Chicago White Sox,Minnesota Twins,8,0,1
2025-08-24,Milwaukee Brewers,San Francisco Giants,3,4,0
2025-08-24,Texas Rangers,Cleveland Guardians,5,0,1
2025-08-24,Los Angeles Angels,Chicago Cubs,3,4,0
2025-08-24,Arizona Diamondbacks,Cincinnati Reds,1,6,0
2025-08-24,San Diego Padres,Los Angeles Dodgers,2,8,0
2025-08-24,Seattle Mariners,Athletics,11,4,1
2025-08-24,New York Yankees,Boston Red Sox,7,2,1
2025-08-25,Baltimore Orioles,Boston Red Sox,3,4,0
2025-08-25,Cleveland Guardians,Tampa Bay Rays,0,9,0
2025-08-25,Miami Marlins,Atlanta Braves,2,1,1
2025-08-25,New York Yankees,Washington Nationals,10,5,1
2025-08-25,Toronto Blue Jays,Minnesota Twins,10,4,1
2025-08-25,New York Mets,Philadelphia Phillies,13,3,1
2025-08-25,Chicago White Sox,Kansas City Royals,7,0,1
2025-08-25,Milwaukee Brewers,Arizona Diamondbacks,7,5,1
2025-08-25,St. Louis Cardinals,Pittsburgh Pirates,7,6,1
2025-08-25,Texas Rangers,Los Angeles Angels,0,4,0
2025-08-25,Seattle Mariners,San Diego Padres,9,6,1
2025-08-25,Athletics,Detroit Tigers,8,3,1
2025-08-25,Los Angeles Dodgers,Cincinnati Reds,7,0,1
2025-08-26,Baltimore Orioles,Boston Red Sox,0,5,0
2025-08-26,Cleveland Guardians,Tampa Bay Rays,3,0,1
2025-08-26,Miami Marlins,Atlanta Braves,2,11,0
2025-08-26,New York Yankees,Washington Nationals,5,1,1
2025-08-26,Toronto Blue Jays,Minnesota Twins,5,7,0
2025-08-26,New York Mets,Philadelphia Phillies,6,5,1
2025-08-26,Chicago White Sox,Kansas City Royals,4,5,0
2025-08-26,Milwaukee Brewers,Arizona Diamondbacks,9,8,1
2025-08-26,St. Louis Cardinals,Pittsburgh Pirates,3,8,0
2025-08-26,Texas Rangers,Los Angeles Angels,7,3,1
2025-08-26,Houston Astros,Colorado Rockies,1,6,0
2025-08-26,Seattle Mariners,San Diego Padres,6,7,0
2025-08-26,San Francisco Giants,Chicago Cubs,5,2,1
2025-08-26,Athletics,Detroit Tigers,7,6,1
2025-08-26,Los Angeles Dodgers,Cincinnati Reds,6,3,1
2025-08-27,New York Yankees,Washington Nationals,11,2,1
2025-08-27,Cleveland Guardians,Tampa Bay Rays,4,3,1
2025-08-27,Miami Marlins,Atlanta Braves,1,12,0
2025-08-27,Seattle Mariners,San Diego Padres,4,3,1
2025-08-27,Baltimore Orioles,Boston Red Sox,2,3,0
2025-08-27,Toronto Blue Jays,Minnesota Twins,9,8,1
2025-08-27,New York Mets,Philadelphia Phillies,6,0,1
2025-08-27,Chicago White Sox,Kansas City Royals,1,12,0
2025-08-27,Milwaukee Brewers,Arizona Diamondbacks,2,3,0
2025-08-27,St. Louis Cardinals,Pittsburgh Pirates,1,2,0
2025-08-27,Texas Rangers,Los Angeles Angels,20,3,1
2025-08-27,Houston Astros,Colorado Rockies,4,0,1
2025-08-27,Los Angeles Dodgers,Cincinnati Reds,5,1,1
2025-08-27,San Francisco Giants,Chicago Cubs,12,3,1
2025-08-27,Athletics,Detroit Tigers,7,0,1
2025-08-28,Baltimore Orioles,Boston Red Sox,2,3,0
2025-08-28,Houston Astros,Colorado Rockies,4,3,1
2025-08-28,Milwaukee Brewers,Arizona Diamondbacks,4,6,0
2025-08-28,St. Louis Cardinals,Pittsburgh Pirates,4,1,1
2025-08-28,San Francisco Giants,Chicago Cubs,4,3,1
2025-08-28,Philadelphia Phillies,Atlanta Braves,19,4,1
2025-08-28,New York Mets,Miami Marlins,4,7,0
2025-08-28,Chicago White Sox,New York Yankees,4,10,0
2025-08-29,Cincinnati Reds,St. Louis Cardinals,5,7,0
2025-08-29,Washington Nationals,Tampa Bay Rays,1,4,0
2025-08-29,Philadelphia Phillies,Atlanta Braves,2,1,1
2025-08-29,Toronto Blue Jays,Milwaukee Brewers,2,7,0
2025-08-29,Boston Red Sox,Pittsburgh Pirates,2,4,0
2025-08-29,Cleveland Guardians,Seattle Mariners,5,4,1
2025-08-29,New York Mets,Miami Marlins,19,9,1
2025-08-29,Chicago White Sox,New York Yankees,2,10,0
2025-08-29,Houston Astros,Los Angeles Angels,2,0,1
2025-08-29,Kansas City Royals,Detroit Tigers,3,5,0
2025-08-29,Minnesota Twins,San Diego Padres,7,4,1
2025-08-29,Colorado Rockies,Chicago Cubs,7,11,0
2025-08-29,Athletics,Texas Rangers,2,5,0
2025-08-29,Los Angeles Dodgers,Arizona Diamondbacks,0,3,0
2025-08-29,San Francisco Giants,Baltimore Orioles,15,8,1
2025-08-30,Toronto Blue Jays,Milwaukee Brewers,1,4,0
2025-08-30,Washington Nationals,Tampa Bay Rays,1,4,0
2025-08-30,Boston Red Sox,Pittsburgh Pirates,3,10,0
2025-08-30,New York Mets,Miami Marlins,8,11,0
2025-08-30,Philadelphia Phillies,Atlanta Braves,3,2,1
2025-08-30,Cincinnati Reds,St. Louis Cardinals,2,4,0
2025-08-30,Houston Astros,Los Angeles Angels,1,4,0
2025-08-30,Minnesota Twins,San Diego Padres,3,12,0
2025-08-30,Chicago White Sox,New York Yankees,3,5,0
2025-08-30,Kansas City Royals,Detroit Tigers,3,1,1
2025-08-30,Cleveland Guardians,Seattle Mariners,4,3,1
2025-08-30,San Francisco Giants,Baltimore Orioles,1,11,0
2025-08-30,Colorado Rockies,Chicago Cubs,3,4,0
2025-08-30,Los Angeles Dodgers,Arizona Diamondbacks,1,6,0
2025-08-30,Athletics,Texas Rangers,3,9,0
2025-08-31,Cincinnati Reds,St. Louis Cardinals,7,4,1
2025-08-31,Minnesota Twins,San Diego Padres,7,2,1
2025-08-31,Boston Red Sox,Pittsburgh Pirates,5,2,1
2025-08-31,Washington Nationals,Tampa Bay Rays,4,7,0
2025-08-31,Toronto Blue Jays,Milwaukee Brewers,8,4,1
2025-08-31,Cleveland Guardians,Seattle Mariners,2,4,0
2025-08-31,New York Mets,Miami Marlins,1,5,0
2025-08-31,Houston Astros,Los Angeles Angels,0,3,0
2025-08-31,Kansas City Royals,Detroit Tigers,0,5,0
2025-08-31,Chicago White Sox,New York Yankees,3,2,1
2025-08-31,Colorado Rockies,Chicago Cubs,6,5,1
2025-08-31,San Francisco Giants,Baltimore Orioles,13,2,1
2025-08-31,Athletics,Texas Rangers,6,9,0
2025-08-31,Los Angeles Dodgers,Arizona Diamondbacks,5,4,1
2025-08-31,Philadelphia Phillies,Atlanta Braves,1,3,0
2025-09-01,Washington Nationals,Miami Marlins,2,0,1
2025-09-01,Detroit Tigers,New York Mets,8,10,0
2025-09-01,Cincinnati Reds,Toronto Blue Jays,5,4,1
2025-09-01,Boston Red Sox,Cleveland Guardians,6,4,1
2025-09-01,Houston Astros,Los Angeles Angels,8,3,1
2025-09-01,Minnesota Twins,Chicago White Sox,5,6,0
2025-09-01,St. Louis Cardinals,Athletics,3,11,0
2025-09-01,Chicago Cubs,Atlanta Braves,7,6,1
2025-09-01,Colorado Rockies,San Francisco Giants,2,8,0
2025-09-01,Milwaukee Brewers,Philadelphia Phillies,8,10,0
2025-09-01,San Diego Padres,Baltimore Orioles,3,4,0
2025-09-01,Tampa Bay Rays,Seattle Mariners,10,2,1
2025-09-01,Arizona Diamondbacks,Texas Rangers,5,7,0
2025-09-02,Detroit Tigers,New York Mets,5,12,0
2025-09-02,Pittsburgh Pirates,Los Angeles Dodgers,9,7,1
2025-09-02,Cincinnati Reds,Toronto Blue Jays,9,12,0
2025-09-02,Boston Red Sox,Cleveland Guardians,11,7,1
2025-09-02,Washington Nationals,Miami Marlins,5,2,1
2025-09-02,Tampa Bay Rays,Seattle Mariners,6,5,1
2025-09-02,Kansas City Royals,Los Angeles Angels,1,5,0
2025-09-02,Chicago Cubs,Atlanta Braves,4,3,1
2025-09-02,Minnesota Twins,Chicago White Sox,3,12,0
2025-09-02,St. Louis Cardinals,Athletics,2,1,1
2025-09-02,Houston Astros,New York Yankees,1,7,0
2025-09-02,Colorado Rockies,San Francisco Giants,4,7,0
2025-09-02,San Diego Padres,Baltimore Orioles,2,6,0
2025-09-02,Arizona Diamondbacks,Texas Rangers,5,3,1
2025-09-03,Washington Nationals,Miami Marlins,10,5,1
2025-09-03,Detroit Tigers,New York Mets,6,2,1
2025-09-03,Arizona Diamondbacks,Texas Rangers,2,0,1
2025-09-03,San Diego Padres,Baltimore Orioles,5,7,0
2025-09-03,Pittsburgh Pirates,Los Angeles Dodgers,3,0,1
2025-09-03,Cincinnati Reds,Toronto Blue Jays,9,13,0
2025-09-03,Boston Red Sox,Cleveland Guardians,1,8,0
2025-09-03,Tampa Bay Rays,Seattle Mariners,9,4,1
2025-09-03,Kansas City Royals,Los Angeles Angels,3,4,0
2025-09-03,Chicago Cubs,Atlanta Braves,1,5,0
2025-09-03,Minnesota Twins,Chicago White Sox,3,4,0
2025-09-03,Milwaukee Brewers,Philadelphia Phillies,6,3,1
2025-09-03,St. Louis Cardinals,Athletics,5,1,1
2025-09-03,Houston Astros,New York Yankees,8,7,1
2025-09-03,Colorado Rockies,San Francisco Giants,8,10,0
2025-09-04,Milwaukee Brewers,Philadelphia Phillies,0,2,0
2025-09-04,Pittsburgh Pirates,Los Angeles Dodgers,5,3,1
2025-09-04,Tampa Bay Rays,Cleveland Guardians,4,2,1
2025-09-04,Kansas City Royals,Los Angeles Angels,4,3,1
2025-09-04,Minnesota Twins,Chicago White Sox,8,11,0
2025-09-04,Houston Astros,New York Yankees,4,8,0
2025-09-05,Chicago Cubs,Washington Nationals,11,5,1
2025-09-05,Cincinnati Reds,New York Mets,4,5,0
2025-09-05,Detroit Tigers,Chicago White Sox,5,7,0
2025-09-05,Pittsburgh Pirates,Milwaukee Brewers,2,5,0
2025-09-05,Baltimore Orioles,Los Angeles Dodgers,2,1,1
2025-09-05,New York Yankees,Toronto Blue Jays,1,7,0
2025-09-05,Miami Marlins,Philadelphia Phillies,3,9,0
2025-09-05,Atlanta Braves,Seattle Mariners,4,1,1
2025-09-05,Tampa Bay Rays,Cleveland Guardians,1,7,0
2025-09-05,Kansas City Royals,Minnesota Twins,2,1,1
2025-09-05,Texas Rangers,Houston Astros,4,3,1
2025-09-05,St. Louis Cardinals,San Francisco Giants,2,8,0
2025-09-05,Colorado Rockies,San Diego Padres,3,0,1
2025-09-05,Los Angeles Angels,Athletics,4,10,0
2025-09-05,Arizona Diamondbacks,Boston Red Sox,10,5,1
2025-09-06,New York Yankees,Toronto Blue Jays,3,1,1
2025-09-06,Chicago Cubs,Washington Nationals,1,2,0
2025-09-06,Miami Marlins,Philadelphia Phillies,2,4,0
2025-09-06,Detroit Tigers,Chicago White Sox,6,0,1
2025-09-06,Cincinnati Reds,New York Mets,6,3,1
2025-09-06,Pittsburgh Pirates,Milwaukee Brewers,1,4,0
2025-09-06,Baltimore Orioles,Los Angeles Dodgers,4,3,1
2025-09-06,Tampa Bay Rays,Cleveland Guardians,2,3,0
2025-09-06,St. Louis Cardinals,San Francisco Giants,3,2,1
2025-09-06,Texas Rangers,Houston Astros,0,11,0
2025-09-06,Kansas City Royals,Minnesota Twins,11,2,1
2025-09-06,Atlanta Braves,Seattle Mariners,2,10,0
2025-09-06,Arizona Diamondbacks,Boston Red Sox,5,1,1
2025-09-06,Colorado Rockies,San Diego Padres,8,10,0
2025-09-06,Los Angeles Angels,Athletics,4,17,0
2025-09-07,Atlanta Braves,Seattle Mariners,2,18,0
2025-09-07,Tampa Bay Rays,Cleveland Guardians,1,2,0
2025-09-07,Baltimore Orioles,Los Angeles Dodgers,2,5,0
2025-09-07,New York Yankees,Toronto Blue Jays,4,3,1
2025-09-07,Pittsburgh Pirates,Milwaukee Brewers,2,10,0
2025-09-07,Cincinnati Reds,New York Mets,3,2,1
2025-09-07,Detroit Tigers,Chicago White Sox,4,6,0
2025-09-07,Miami Marlins,Philadelphia Phillies,5,4,1
2025-09-07,Kansas City Royals,Minnesota Twins,1,5,0
2025-09-07,St. Louis Cardinals,San Francisco Giants,4,3,1
2025-09-07,Chicago Cubs,Washington Nationals,3,6,0
2025-09-07,Texas Rangers,Houston Astros,4,2,1
2025-09-07,Colorado Rockies,San Diego Padres,1,8,0
2025-09-07,Los Angeles Angels,Athletics,4,3,1
2025-09-07,Arizona Diamondbacks,Boston Red Sox,4,7,0
2025-09-08,Cleveland Guardians,Kansas City Royals,10,2,1
2025-09-08,Miami Marlins,Washington Nationals,7,15,0
2025-09-08,Philadelphia Phillies,New York Mets,1,0,1
2025-09-08,Atlanta Braves,Chicago Cubs,4,1,1
2025-09-08,Texas Rangers,Milwaukee Brewers,5,0,1
2025-09-08,Los Angeles Angels,Minnesota Twins,3,12,0
2025-09-08,San Diego Padres,Cincinnati Reds,4,3,1
2025-09-08,Seattle Mariners,St. Louis Cardinals,4,2,1
2025-09-08,San Francisco Giants,Arizona Diamondbacks,11,5,1
2025-09-08,Athletics,Boston Red Sox,0,7,0
2025-09-08,Los Angeles Dodgers,Colorado Rockies,3,1,1
2025-09-09,Baltimore Orioles,Pittsburgh Pirates,3,2,1
2025-09-09,Cleveland Guardians,Kansas City Royals,2,0,1
2025-09-09,Miami Marlins,Washington Nationals,5,7,0
2025-09-09,Philadelphia Phillies,New York Mets,9,3,1
2025-09-09,New York Yankees,Detroit Tigers,2,12,0
2025-09-09,Toronto Blue Jays,Houston Astros,4,3,1
2025-09-09,Atlanta Braves,Chicago Cubs,1,6,0
2025-09-09,Chicago White Sox,Tampa Bay Rays,4,5,0
2025-09-09,Texas Rangers,Milwaukee Brewers,5,4,1
2025-09-09,Los Angeles Angels,Minnesota Twins,12,2,1
2025-09-09,San Diego Padres,Cincinnati Reds,2,4,0
2025-09-09,Seattle Mariners,St. Louis Cardinals,5,3,1
2025-09-09,San Francisco Giants,Arizona Diamondbacks,5,3,1
2025-09-09,Athletics,Boston Red Sox,0,6,0
2025-09-09,Los Angeles Dodgers,Colorado Rockies,7,2,1
2025-09-10,Texas Rangers,Milwaukee Brewers,6,3,1
2025-09-10,Athletics,Boston Red Sox,5,4,1
2025-09-10,San Francisco Giants,Arizona Diamondbacks,3,5,0
2025-09-10,Los Angeles Angels,Minnesota Twins,4,3,1
2025-09-10,Baltimore Orioles,Pittsburgh Pirates,2,1,1
2025-09-10,Cleveland Guardians,Kansas City Royals,3,4,0
2025-09-10,Miami Marlins,Washington Nationals,8,3,1
2025-09-10,Philadelphia Phillies,New York Mets,11,3,1
2025-09-10,New York Yankees,Detroit Tigers,1,11,0
2025-09-10,Toronto Blue Jays,Houston Astros,2,3,0
2025-09-10,Atlanta Braves,Chicago Cubs,2,3,0
2025-09-10,Chicago White Sox,Tampa Bay Rays,6,5,1
2025-09-10,San Diego Padres,Cincinnati Reds,1,2,0
2025-09-10,Seattle Mariners,St. Louis Cardinals,4,2,1
2025-09-10,Los Angeles Dodgers,Colorado Rockies,9,0,1
2025-09-11,Baltimore Orioles,Pittsburgh Pirates,3,2,1
2025-09-11,Chicago White Sox,Tampa Bay Rays,5,1,1
2025-09-11,Toronto Blue Jays,Houston Astros,6,0,1
2025-09-11,Miami Marlins,Washington Nationals,5,0,1
2025-09-11,New York Yankees,Detroit Tigers,9,3,1
2025-09-11,Cleveland Guardians,Kansas City Royals,3,2,1
2025-09-11,Philadelphia Phillies,New York Mets,6,4,1
2025-09-11,San Diego Padres,Colorado Rockies,2,0,1
2025-09-11,Seattle Mariners,Los Angeles Angels,7,6,1
2025-09-12,Chicago Cubs,Tampa Bay Rays,6,4,1
2025-09-12,Washington Nationals,Pittsburgh Pirates,6,5,1
2025-09-12,Philadelphia Phillies,Kansas City Royals,8,2,1
2025-09-12,Toronto Blue Jays,Baltimore Orioles,6,1,1
2025-09-12,New York Mets,Texas Rangers,3,8,0
2025-09-12,Cleveland Guardians,Chicago White Sox,4,0,1
2025-09-12,Miami Marlins,Detroit Tigers,8,2,1
2025-09-12,Boston Red Sox,New York Yankees,1,4,0
2025-09-12,Atlanta Braves,Houston Astros,3,11,0
2025-09-12,Minnesota Twins,Arizona Diamondbacks,9,8,1
2025-09-12,Milwaukee Brewers,St. Louis Cardinals,8,2,1
2025-09-12,San Diego Padres,Colorado Rockies,2,4,0
2025-09-12,Athletics,Cincinnati Reds,3,0,1
2025-09-12,Seattle Mariners,Los Angeles Angels,2,1,1
2025-09-12,San Francisco Giants,Los Angeles Dodgers,5,1,1
2025-09-13,Chicago Cubs,Tampa Bay Rays,4,5,0
2025-09-13,Toronto Blue Jays,Baltimore Orioles,5,4,1
2025-09-13,Washington Nationals,Pittsburgh Pirates,1,5,0
2025-09-13,New York Mets,Texas Rangers,2,3,0
2025-09-13,Miami Marlins,Detroit Tigers,6,4,1
2025-09-13,Boston Red Sox,New York Yankees,3,5,0
2025-09-13,Philadelphia Phillies,Kansas City Royals,8,6,1
2025-09-13,Cleveland Guardians,Chicago White Sox,3,1,1
2025-09-13,Minnesota Twins,Arizona Diamondbacks,2,5,0
2025-09-13,Atlanta Braves,Houston Astros,2,6,0
2025-09-13,Milwaukee Brewers,St. Louis Cardinals,9,8,1
2025-09-13,San Diego Padres,Colorado Rockies,11,3,1
2025-09-13,San Francisco Giants,Los Angeles Dodgers,7,13,0
2025-09-13,Seattle Mariners,Los Angeles Angels,5,3,1
2025-09-13,Athletics,Cincinnati Reds,11,5,1
2025-09-14,Washington Nationals,Pittsburgh Pirates,4,3,1
2025-09-14,Philadelphia Phillies,Kansas City Royals,3,10,0
2025-09-14,Atlanta Braves,Houston Astros,8,3,1
2025-09-14,Toronto Blue Jays,Baltimore Orioles,11,2,1
2025-09-14,New York Mets,Texas Rangers,5,2,1
2025-09-14,Cleveland Guardians,Chicago White Sox,3,2,1
2025-09-14,Miami Marlins,Detroit Tigers,0,2,0
2025-09-14,Minnesota Twins,Arizona Diamondbacks,4,6,0
2025-09-14,Milwaukee Brewers,St. Louis Cardinals,2,3,0
2025-09-14,Chicago Cubs,Tampa Bay Rays,4,3,1
2025-09-14,Athletics,Cincinnati Reds,7,4,1
2025-09-14,San Francisco Giants,Los Angeles Dodgers,2,10,0
2025-09-14,San Diego Padres,Colorado Rockies,9,6,1
2025-09-14,Seattle Mariners,Los Angeles Angels,11,2,1
2025-09-14,Boston Red Sox,New York Yankees,6,4,1
2025-09-15,Pittsburgh Pirates,Chicago Cubs,0,4,0
2025-09-15,Washington Nationals,Atlanta Braves,3,11,0
2025-09-15,Tampa Bay Rays,Toronto Blue Jays,1,2,0
2025-09-15,Chicago White Sox,Baltimore Orioles,1,4,0
2025-09-15,Minnesota Twins,New York Yankees,7,0,1
2025-09-15,St. Louis Cardinals,Cincinnati Reds,6,11,0
2025-09-15,Houston Astros,Texas Rangers,6,3,1
2025-09-15,Arizona Diamondbacks,San Francisco Giants,8,1,1
2025-09-15,Los Angeles Dodgers,Philadelphia Phillies,5,6,0
2025-09-16,Washington Nationals,Atlanta Braves,3,6,0
2025-09-16,Washington Nationals,Atlanta Braves,0,5,0
2025-09-16,Detroit Tigers,Cleveland Guardians,5,7,0
2025-09-16,Pittsburgh Pirates,Chicago Cubs,1,4,0
2025-09-16,Boston Red Sox,Athletics,1,2,0
2025-09-16,New York Mets,San Diego Padres,8,3,1
2025-09-16,Tampa Bay Rays,Toronto Blue Jays,5,6,0
2025-09-16,Kansas City Royals,Seattle Mariners,5,12,0
2025-09-16,Chicago White Sox,Baltimore Orioles,7,8,0
2025-09-16,Minnesota Twins,New York Yankees,9,10,0
2025-09-16,Milwaukee Brewers,Los Angeles Angels,9,2,1
2025-09-16,St. Louis Cardinals,Cincinnati Reds,3,0,1
2025-09-16,Houston Astros,Texas Rangers,6,5,1
2025-09-16,Colorado Rockies,Miami Marlins,5,6,0
2025-09-16,Arizona Diamondbacks,San Francisco Giants,6,5,1
2025-09-16,Los Angeles Dodgers,Philadelphia Phillies,6,9,0
2025-09-17,Pittsburgh Pirates,Chicago Cubs,4,8,0
2025-09-17,St. Louis Cardinals,Cincinnati Reds,2,6,0
2025-09-17,Chicago White Sox,Baltimore Orioles,1,3,0
2025-09-17,Arizona Diamondbacks,San Francisco Giants,1,5,0
2025-09-17,Washington Nationals,Atlanta Braves,4,9,0
2025-09-17,Detroit Tigers,Cleveland Guardians,0,4,0
2025-09-17,Boston Red Sox,Athletics,5,4,1
2025-09-17,Tampa Bay Rays,Toronto Blue Jays,2,1,1
2025-09-17,New York Mets,San Diego Padres,4,7,0
2025-09-17,Kansas City Royals,Seattle Mariners,7,5,1
2025-09-17,Minnesota Twins,New York Yankees,5,10,0
2025-09-17,Milwaukee Brewers,Los Angeles Angels,9,2,1
2025-09-17,Houston Astros,Texas Rangers,5,2,1
2025-09-17,Colorado Rockies,Miami Marlins,4,8,0
2025-09-17,Los Angeles Dodgers,Philadelphia Phillies,5,0,1
2025-09-18,Detroit Tigers,Cleveland Guardians,1,3,0
2025-09-18,New York Mets,San Diego Padres,6,1,1
2025-09-18,Tampa Bay Rays,Toronto Blue Jays,4,0,1
2025-09-18,Boston Red Sox,Athletics,3,5,0
2025-09-18,Kansas City Royals,Seattle Mariners,0,2,0
2025-09-18,Colorado Rockies,Miami Marlins,7,9,0
2025-09-18,Cincinnati Reds,Chicago Cubs,1,0,1
2025-09-18,Baltimore Orioles,New York Yankees,0,7,0
2025-09-18,Milwaukee Brewers,Los Angeles Angels,5,2,1
2025-09-18,Los Angeles Dodgers,San Francisco Giants,2,1,1
2025-09-19,Cincinnati Reds,Chicago Cubs,7,4,1
2025-09-19,Pittsburgh Pirates,Athletics,3,4,0
2025-09-19,Detroit Tigers,Atlanta Braves,1,10,0
2025-09-19,Baltimore Orioles,New York Yankees,4,2,1
2025-09-19,New York Mets,Washington Nationals,12,6,1
2025-09-19,Tampa Bay Rays,Boston Red Sox,7,11,0
2025-09-19,Kansas City Royals,Toronto Blue Jays,20,1,1
2025-09-19,Chicago White Sox,San Diego Padres,4,3,1
2025-09-19,Texas Rangers,Miami Marlins,4,6,0
2025-09-19,Colorado Rockies,Los Angeles Angels,7,6,1
2025-09-19,Houston Astros,Seattle Mariners,0,4,0
2025-09-19,Minnesota Twins,Cleveland Guardians,2,6,0
2025-09-19,St. Louis Cardinals,Milwaukee Brewers,7,1,1
2025-09-19,Arizona Diamondbacks,Philadelphia Phillies,2,8,0
2025-09-19,Los Angeles Dodgers,San Francisco Giants,6,3,1
2025-09-20,Detroit Tigers,Atlanta Braves,5,6,0
2025-09-20,Minnesota Twins,Cleveland Guardians,0,6,0
2025-09-20,Minnesota Twins,Cleveland Guardians,0,8,0
2025-09-20,New York Mets,Washington Nationals,3,5,0
2025-09-20,Cincinnati Reds,Chicago Cubs,6,3,1
2025-09-20,Pittsburgh Pirates,Athletics,2,0,1
2025-09-20,Tampa Bay Rays,Boston Red Sox,3,6,0
2025-09-20,Texas Rangers,Miami Marlins,3,4,0
2025-09-20,Baltimore Orioles,New York Yankees,1,6,0
2025-09-20,Houston Astros,Seattle Mariners,4,6,0
2025-09-20,Kansas City Royals,Toronto Blue Jays,2,1,1
2025-09-20,Chicago White Sox,San Diego Padres,3,7,0
2025-09-20,St. Louis Cardinals,Milwaukee Brewers,2,3,0
2025-09-20,Colorado Rockies,Los Angeles Angels,0,3,0
2025-09-20,Arizona Diamondbacks,Philadelphia Phillies,4,3,1
2025-09-20,Los Angeles Dodgers,San Francisco Giants,7,5,1
2025-09-21,Detroit Tigers,Atlanta Braves,2,6,0
2025-09-21,Pittsburgh Pirates,Athletics,11,0,1
2025-09-21,Baltimore Orioles,New York Yankees,1,7,0
2025-09-21,Cincinnati Reds,Chicago Cubs,1,0,1
2025-09-21,New York Mets,Washington Nationals,2,3,0
2025-09-21,Kansas City Royals,Toronto Blue Jays,5,8,0
2025-09-21,Minnesota Twins,Cleveland Guardians,6,2,1
2025-09-21,Chicago White Sox,San Diego Padres,2,3,0
2025-09-21,St. Louis Cardinals,Milwaukee Brewers,5,1,1
2025-09-21,Texas Rangers,Miami Marlins,2,4,0
2025-09-21,Colorado Rockies,Los Angeles Angels,3,1,1
2025-09-21,Los Angeles Dodgers,San Francisco Giants,1,3,0
2025-09-21,Arizona Diamondbacks,Philadelphia Phillies,9,2,1
2025-09-21,Houston Astros,Seattle Mariners,3,7,0
2025-09-21,Tampa Bay Rays,Boston Red Sox,7,3,1
2025-09-22,Atlanta Braves,Washington Nationals,11,5,1
2025-09-22,San Diego Padres,Milwaukee Brewers,5,4,1
2025-09-22,San Francisco Giants,St. Louis Cardinals,5,6,0
2025-09-23,Baltimore Orioles,Tampa Bay Rays,6,0,1
2025-09-23,Cleveland Guardians,Detroit Tigers,5,2,1
2025-09-23,Cincinnati Reds,Pittsburgh Pirates,2,4,0
2025-09-23,Philadelphia Phillies,Miami Marlins,5,6,0
2025-09-23,New York Yankees,Chicago White Sox,3,2,1
2025-09-23,Toronto Blue Jays,Boston Red Sox,1,4,0
2025-09-23,Atlanta Braves,Washington Nationals,3,2,1
2025-09-23,Chicago Cubs,New York Mets,7,9,0
2025-09-23,Texas Rangers,Minnesota Twins,1,4,0
2025-09-23,Los Angeles Angels,Kansas City Royals,4,8,0
2025-09-23,Arizona Diamondbacks,Los Angeles Dodgers,5,4,1
2025-09-23,Seattle Mariners,Colorado Rockies,4,3,1
2025-09-23,San Diego Padres,Milwaukee Brewers,7,0,1
2025-09-23,San Francisco Giants,St. Louis Cardinals,8,9,0
2025-09-23,Athletics,Houston Astros,5,1,1
2025-09-24,Atlanta Braves,Washington Nationals,3,4,0
2025-09-24,San Diego Padres,Milwaukee Brewers,1,3,0
2025-09-24,Baltimore Orioles,Tampa Bay Rays,2,6,0
2025-09-24,Cleveland Guardians,Detroit Tigers,5,1,1
2025-09-24,Cincinnati Reds,Pittsburgh Pirates,3,4,0
2025-09-24,Philadelphia Phillies,Miami Marlins,11,1,1
2025-09-24,New York Yankees,Chicago White Sox,8,1,1
2025-09-24,Toronto Blue Jays,Boston Red Sox,1,7,0
2025-09-24,Chicago Cubs,New York Mets,10,3,1
2025-09-24,Texas Rangers,Minnesota Twins,4,2,1
2025-09-24,Los Angeles Angels,Kansas City Royals,3,2,1
2025-09-24,Arizona Diamondbacks,Los Angeles Dodgers,4,5,0
2025-09-24,Seattle Mariners,Colorado Rockies,9,2,1
2025-09-24,San Francisco Giants,St. Louis Cardinals,4,3,1
2025-09-24,Athletics,Houston Astros,6,0,1
2025-09-25,Cincinnati Reds,Pittsburgh Pirates,2,1,1
2025-09-25,Baltimore Orioles,Tampa Bay Rays,6,5,1
2025-09-25,Texas Rangers,Minnesota Twins,0,4,0
2025-09-25,Athletics,Houston Astros,5,11,0
2025-09-25,Arizona Diamondbacks,Los Angeles Dodgers,0,8,0
2025-09-25,Philadelphia Phillies,Miami Marlins,1,0,1
2025-09-25,Cleveland Guardians,Detroit Tigers,2,4,0
2025-09-25,New York Yankees,Chicago White Sox,5,3,1
2025-09-25,Toronto Blue Jays,Boston Red Sox,6,1,1
2025-09-25,Chicago Cubs,New York Mets,5,8,0
2025-09-25,Los Angeles Angels,Kansas City Royals,4,9,0
2025-09-25,Seattle Mariners,Colorado Rockies,6,2,1
2025-09-26,Chicago Cubs,St. Louis Cardinals,12,1,1
2025-09-26,Philadelphia Phillies,Minnesota Twins,3,1,1
2025-09-26,Washington Nationals,Chicago White Sox,9,10,0
2025-09-26,New York Yankees,Baltimore Orioles,8,4,1
2025-09-26,Toronto Blue Jays,Tampa Bay Rays,4,2,1
2025-09-26,Boston Red Sox,Detroit Tigers,4,3,1
2025-09-26,Cleveland Guardians,Texas Rangers,3,7,0
2025-09-26,Miami Marlins,New York Mets,6,2,1
2025-09-26,Atlanta Braves,Pittsburgh Pirates,3,9,0
2025-09-26,Milwaukee Brewers,Cincinnati Reds,1,3,0
2025-09-26,Los Angeles Angels,Houston Astros,4,3,1
2025-09-26,San Diego Padres,Arizona Diamondbacks,7,4,1
2025-09-26,Seattle Mariners,Los Angeles Dodgers,2,3,0
2025-09-26,Athletics,Kansas City Royals,4,3,1
2025-09-26,San Francisco Giants,Colorado Rockies,6,3,1
2025-09-27,New York Yankees,Baltimore Orioles,6,1,1
2025-09-27,Chicago Cubs,St. Louis Cardinals,7,3,1
2025-09-27,Toronto Blue Jays,Tampa Bay Rays,5,1,1
2025-09-27,San Francisco Giants,Colorado Rockies,4,3,1
2025-09-27,Washington Nationals,Chicago White Sox,6,5,1
2025-09-27,Boston Red Sox,Detroit Tigers,1,2,0
2025-09-27,Miami Marlins,New York Mets,0,5,0
2025-09-27,Philadelphia Phillies,Minnesota Twins,0,5,0
2025-09-27,Cleveland Guardians,Texas Rangers,3,2,1
2025-09-27,Atlanta Braves,Pittsburgh Pirates,1,3,0
2025-09-27,Milwaukee Brewers,Cincinnati Reds,4,7,0
2025-09-27,San Diego Padres,Arizona Diamondbacks,5,1,1
2025-09-27,Los Angeles Angels,Houston Astros,1,6,0
2025-09-27,Seattle Mariners,Los Angeles Dodgers,3,5,0
2025-09-27,Athletics,Kansas City Royals,2,4,0
2025-09-28,Boston Red Sox,Detroit Tigers,4,3,1
2025-09-28,Athletics,Kansas City Royals,2,9,0
2025-09-28,San Francisco Giants,Colorado Rockies,4,0,1
2025-09-28,Philadelphia Phillies,Minnesota Twins,2,1,1
2025-09-28,Washington Nationals,Chicago White Sox,0,8,0
2025-09-28,New York Yankees,Baltimore Orioles,3,2,1
2025-09-28,Los Angeles Angels,Houston Astros,2,6,0
2025-09-28,Toronto Blue Jays,Tampa Bay Rays,13,4,1
2025-09-28,San Diego Padres,Arizona Diamondbacks,12,4,1
2025-09-28,Seattle Mariners,Los Angeles Dodgers,1,6,0
2025-09-28,Cleveland Guardians,Texas Rangers,9,8,1
2025-09-28,Miami Marlins,New York Mets,4,0,1
2025-09-28,Milwaukee Brewers,Cincinnati Reds,4,2,1
2025-09-28,Atlanta Braves,Pittsburgh Pirates,4,1,1
2025-09-28,Chicago Cubs,St. Louis Cardinals,2,0,1
