game_date,home_name,away_name,home_score,away_score,home_win
2024-03-20,San Diego Padres,Los Angeles Dodgers,2,5,0
2024-03-21,Los Angeles Dodgers,San Diego Padres,11,15,0
2024-03-28,Baltimore Orioles,Los Angeles Angels,11,3,1
2024-03-28,Cincinnati Reds,Washington Nationals,8,2,1
2024-03-28,San Diego Padres,San Francisco Giants,6,4,1
2024-03-28,Los Angeles Dodgers,St. Louis Cardinals,7,1,1
2024-03-28,Tampa Bay Rays,Toronto Blue Jays,2,8,0
2024-03-28,Kansas City Royals,Minnesota Twins,1,4,0
2024-03-28,Chicago White Sox,Detroit Tigers,0,1,0
2024-03-28,Miami Marlins,Pittsburgh Pirates,5,6,0
2024-03-28,Houston Astros,New York Yankees,4,5,0
2024-03-28,Texas Rangers,Chicago Cubs,4,3,1
2024-03-28,Oakland Athletics,Cleveland Guardians,0,8,0
2024-03-28,Arizona Diamondbacks,Colorado Rockies,16,1,1
2024-03-28,Seattle Mariners,Boston Red Sox,4,6,0
2024-03-29,New York Mets,Milwaukee Brewers,1,3,0
2024-03-29,Philadelphia Phillies,Atlanta Braves,3,9,0
2024-03-29,Tampa Bay Rays,Toronto Blue Jays,8,2,1
2024-03-29,Miami Marlins,Pittsburgh Pirates,2,7,0
2024-03-29,Houston Astros,New York Yankees,1,7,0
2024-03-29,Arizona Diamondbacks,Colorado Rockies,7,3,1
2024-03-29,Oakland Athletics,Cleveland Guardians,4,6,0
2024-03-29,Seattle Mariners,Boston Red Sox,1,0,1
2024-03-29,San Diego Padres,San Francisco Giants,3,8,0
2024-03-29,Los Angeles Dodgers,St. Louis Cardinals,6,3,1
2024-03-30,New York Mets,Milwaukee Brewers,6,7,0
2024-03-30,Chicago White Sox,Detroit Tigers,6,7,0
2024-03-30,Baltimore Orioles,Los Angeles Angels,13,4,1
2024-03-30,Philadelphia Phillies,Atlanta Braves,4,12,0
2024-03-30,Oakland Athletics,Cleveland Guardians,3,12,0
2024-03-30,Cincinnati Reds,Washington Nationals,6,7,0
2024-03-30,Tampa Bay Rays,Toronto Blue Jays,5,1,1
2024-03-30,Kansas City Royals,Minnesota Twins,1,5,0
2024-03-30,Miami Marlins,Pittsburgh Pirates,3,9,0
2024-03-30,Texas Rangers,Chicago Cubs,11,2,1
2024-03-30,San Diego Padres,San Francisco Giants,6,9,0
2024-03-30,Houston Astros,New York Yankees,3,5,0
2024-03-30,Arizona Diamondbacks,Colorado Rockies,4,9,0
2024-03-30,Los Angeles Dodgers,St. Louis Cardinals,5,6,0
2024-03-30,Seattle Mariners,Boston Red Sox,4,3,1
2024-03-31,Baltimore Orioles,Los Angeles Angels,1,4,0
2024-03-31,Philadelphia Phillies,Atlanta Braves,5,4,1
2024-03-31,Cincinnati Reds,Washington Nationals,6,5,1
2024-03-31,Tampa Bay Rays,Toronto Blue Jays,2,9,0
2024-03-31,Miami Marlins,Pittsburgh Pirates,7,9,0
2024-03-31,New York Mets,Milwaukee Brewers,1,4,0
2024-03-31,Kansas City Royals,Minnesota Twins,11,0,1
2024-03-31,Chicago White Sox,Detroit Tigers,2,3,0
2024-03-31,Houston Astros,New York Yankees,3,4,0
2024-03-31,Texas Rangers,Chicago Cubs,5,9,0
2024-03-31,Oakland Athletics,Cleveland Guardians,4,3,1
2024-03-31,Arizona Diamondbacks,Colorado Rockies,5,1,1
2024-03-31,Seattle Mariners,Boston Red Sox,1,5,0
2024-03-31,San Diego Padres,San Francisco Giants,13,4,1
2024-03-31,Los Angeles Dodgers,St. Louis Cardinals,5,4,1
2024-04-01,Chicago Cubs,Colorado Rockies,5,0,1
2024-04-01,Washington Nationals,Pittsburgh Pirates,4,8,0
2024-04-01,Baltimore Orioles,Kansas City Royals,6,4,1
2024-04-01,Philadelphia Phillies,Cincinnati Reds,3,6,0
2024-04-01,Miami Marlins,Los Angeles Angels,4,7,0
2024-04-01,Tampa Bay Rays,Texas Rangers,3,9,0
2024-04-01,New York Mets,Detroit Tigers,0,5,0
2024-04-01,Houston Astros,Toronto Blue Jays,10,0,1
2024-04-01,Oakland Athletics,Boston Red Sox,0,9,0
2024-04-01,Seattle Mariners,Cleveland Guardians,5,4,1
2024-04-01,San Diego Padres,St. Louis Cardinals,2,6,0
2024-04-01,Arizona Diamondbacks,New York Yankees,2,5,0
2024-04-01,Los Angeles Dodgers,San Francisco Giants,8,3,1
2024-04-02,Milwaukee Brewers,Minnesota Twins,3,2,1
2024-04-02,Baltimore Orioles,Kansas City Royals,1,4,0
2024-04-02,Philadelphia Phillies,Cincinnati Reds,9,4,1
2024-04-02,Miami Marlins,Los Angeles Angels,1,3,0
2024-04-02,Tampa Bay Rays,Texas Rangers,5,2,1
2024-04-02,Chicago Cubs,Colorado Rockies,12,2,1
2024-04-02,Chicago White Sox,Atlanta Braves,3,2,1
2024-04-02,Houston Astros,Toronto Blue Jays,1,2,0
2024-04-02,Oakland Athletics,Boston Red Sox,4,5,0
2024-04-02,Seattle Mariners,Cleveland Guardians,2,5,0
2024-04-02,San Diego Padres,St. Louis Cardinals,2,5,0
2024-04-02,Arizona Diamondbacks,New York Yankees,7,0,1
2024-04-02,Los Angeles Dodgers,San Francisco Giants,5,4,1
2024-04-03,Baltimore Orioles,Kansas City Royals,4,3,1
2024-04-03,Tampa Bay Rays,Texas Rangers,1,4,0
2024-04-03,Miami Marlins,Los Angeles Angels,2,10,0
2024-04-03,Milwaukee Brewers,Minnesota Twins,3,7,0
2024-04-03,Oakland Athletics,Boston Red Sox,0,1,0
2024-04-03,Arizona Diamondbacks,New York Yankees,5,6,0
2024-04-03,Philadelphia Phillies,Cincinnati Reds,1,4,0
2024-04-03,Seattle Mariners,Cleveland Guardians,0,8,0
2024-04-03,San Diego Padres,St. Louis Cardinals,3,2,1
2024-04-03,Washington Nationals,Pittsburgh Pirates,5,3,1
2024-04-03,Chicago Cubs,Colorado Rockies,9,8,1
2024-04-03,Houston Astros,Toronto Blue Jays,8,0,1
2024-04-03,Los Angeles Dodgers,San Francisco Giants,5,4,1
2024-04-04,New York Mets,Detroit Tigers,3,6,0
2024-04-04,New York Mets,Detroit Tigers,2,1,1
2024-04-04,Washington Nationals,Pittsburgh Pirates,4,7,0
2024-04-04,Minnesota Twins,Cleveland Guardians,2,4,0
2024-04-04,St. Louis Cardinals,Miami Marlins,8,5,1
2024-04-04,Kansas City Royals,Chicago White Sox,10,1,1
2024-04-05,New York Yankees,Toronto Blue Jays,0,3,0
2024-04-05,Detroit Tigers,Oakland Athletics,5,4,1
2024-04-05,Chicago Cubs,Los Angeles Dodgers,9,7,1
2024-04-05,Colorado Rockies,Tampa Bay Rays,10,7,1
2024-04-05,Pittsburgh Pirates,Baltimore Orioles,2,5,0
2024-04-05,San Francisco Giants,San Diego Padres,3,2,1
2024-04-05,Cincinnati Reds,New York Mets,2,3,0
2024-04-05,Washington Nationals,Philadelphia Phillies,0,4,0
2024-04-05,Atlanta Braves,Arizona Diamondbacks,6,5,1
2024-04-05,Kansas City Royals,Chicago White Sox,2,1,1
2024-04-05,Texas Rangers,Houston Astros,10,2,1
2024-04-05,Milwaukee Brewers,Seattle Mariners,6,5,1
2024-04-05,Los Angeles Angels,Boston Red Sox,6,8,0
2024-04-06,Detroit Tigers,Oakland Athletics,0,4,0
2024-04-06,Minnesota Twins,Cleveland Guardians,1,3,0
2024-04-06,St. Louis Cardinals,Miami Marlins,3,1,1
2024-04-06,Chicago Cubs,Los Angeles Dodgers,1,4,0
2024-04-06,Pittsburgh Pirates,Baltimore Orioles,5,4,1
2024-04-06,Washington Nationals,Philadelphia Phillies,2,5,0
2024-04-06,Cincinnati Reds,New York Mets,9,6,1
2024-04-06,Texas Rangers,Houston Astros,7,2,1
2024-04-06,New York Yankees,Toronto Blue Jays,9,8,1
2024-04-06,Kansas City Royals,Chicago White Sox,3,0,1
2024-04-06,Milwaukee Brewers,Seattle Mariners,3,5,0
2024-04-06,Atlanta Braves,Arizona Diamondbacks,9,8,1
2024-04-06,Colorado Rockies,Tampa Bay Rays,6,8,0
2024-04-06,San Francisco Giants,San Diego Padres,0,4,0
2024-04-06,Los Angeles Angels,Boston Red Sox,2,1,1
2024-04-07,Pittsburgh Pirates,Baltimore Orioles,3,2,1
2024-04-07,Washington Nationals,Philadelphia Phillies,3,2,1
2024-04-07,Atlanta Braves,Arizona Diamondbacks,5,2,1
2024-04-07,New York Yankees,Toronto Blue Jays,8,3,1
2024-04-07,Cincinnati Reds,New York Mets,1,3,0
2024-04-07,Detroit Tigers,Oakland Athletics,1,7,0
2024-04-07,Kansas City Royals,Chicago White Sox,5,3,1
2024-04-07,Milwaukee Brewers,Seattle Mariners,12,4,1
2024-04-07,St. Louis Cardinals,Miami Marlins,3,10,0
2024-04-07,Chicago Cubs,Los Angeles Dodgers,8,1,1
2024-04-07,Colorado Rockies,Tampa Bay Rays,2,3,0
2024-04-07,San Francisco Giants,San Diego Padres,3,2,1
2024-04-07,Los Angeles Angels,Boston Red Sox,2,12,0
2024-04-07,Texas Rangers,Houston Astros,1,3,0
2024-04-08,Cleveland Guardians,Chicago White Sox,4,0,1
2024-04-08,New York Yankees,Miami Marlins,7,0,1
2024-04-08,Pittsburgh Pirates,Detroit Tigers,7,4,1
2024-04-08,Cincinnati Reds,Milwaukee Brewers,10,8,1
2024-04-08,Toronto Blue Jays,Seattle Mariners,5,2,1
2024-04-08,Atlanta Braves,New York Mets,7,8,0
2024-04-08,Minnesota Twins,Los Angeles Dodgers,2,4,0
2024-04-08,St. Louis Cardinals,Philadelphia Phillies,3,5,0
2024-04-08,Texas Rangers,Houston Astros,5,10,0
2024-04-08,Colorado Rockies,Arizona Diamondbacks,7,5,1
2024-04-08,Los Angeles Angels,Tampa Bay Rays,7,1,1
2024-04-08,San Diego Padres,Chicago Cubs,9,8,1
2024-04-08,San Francisco Giants,Washington Nationals,1,8,0
2024-04-09,Pittsburgh Pirates,Detroit Tigers,3,5,0
2024-04-09,Boston Red Sox,Baltimore Orioles,1,7,0
2024-04-09,Cleveland Guardians,Chicago White Sox,5,7,0
2024-04-09,Cincinnati Reds,Milwaukee Brewers,5,9,0
2024-04-09,New York Yankees,Miami Marlins,3,2,1
2024-04-09,Toronto Blue Jays,Seattle Mariners,5,3,1
2024-04-09,Atlanta Braves,New York Mets,6,5,1
2024-04-09,Kansas City Royals,Houston Astros,4,3,1
2024-04-09,Minnesota Twins,Los Angeles Dodgers,3,6,0
2024-04-09,St. Louis Cardinals,Philadelphia Phillies,3,0,1
2024-04-09,Texas Rangers,Oakland Athletics,3,4,0
2024-04-09,Colorado Rockies,Arizona Diamondbacks,2,3,0
2024-04-09,Los Angeles Angels,Tampa Bay Rays,4,6,0
2024-04-09,San Francisco Giants,Washington Nationals,3,5,0
2024-04-09,San Diego Padres,Chicago Cubs,1,5,0
2024-04-10,Minnesota Twins,Los Angeles Dodgers,3,2,1
2024-04-10,St. Louis Cardinals,Philadelphia Phillies,3,4,0
2024-04-10,Toronto Blue Jays,Seattle Mariners,1,6,0
2024-04-10,Colorado Rockies,Arizona Diamondbacks,3,5,0
2024-04-10,San Francisco Giants,Washington Nationals,7,1,1
2024-04-10,Los Angeles Angels,Tampa Bay Rays,2,4,0
2024-04-10,Cleveland Guardians,Chicago White Sox,7,6,1
2024-04-10,San Diego Padres,Chicago Cubs,10,2,1
2024-04-10,Cincinnati Reds,Milwaukee Brewers,2,7,0
2024-04-10,New York Yankees,Miami Marlins,2,5,0
2024-04-10,Boston Red Sox,Baltimore Orioles,5,7,0
2024-04-10,Kansas City Royals,Houston Astros,11,2,1
2024-04-10,Texas Rangers,Oakland Athletics,6,2,1
2024-04-11,Atlanta Braves,New York Mets,4,16,0
2024-04-11,Kansas City Royals,Houston Astros,13,3,1
2024-04-11,Texas Rangers,Oakland Athletics,0,1,0
2024-04-11,Philadelphia Phillies,Pittsburgh Pirates,5,1,1
2024-04-11,Boston Red Sox,Baltimore Orioles,4,9,0
2024-04-12,Detroit Tigers,Minnesota Twins,8,2,1
2024-04-12,Philadelphia Phillies,Pittsburgh Pirates,2,5,0
2024-04-12,Tampa Bay Rays,San Francisco Giants,2,1,1
2024-04-12,Baltimore Orioles,Milwaukee Brewers,1,11,0
2024-04-12,Toronto Blue Jays,Colorado Rockies,4,12,0
2024-04-12,Boston Red Sox,Los Angeles Angels,0,7,0
2024-04-12,New York Mets,Kansas City Royals,6,1,1
2024-04-12,Miami Marlins,Atlanta Braves,1,8,0
2024-04-12,Chicago White Sox,Cincinnati Reds,1,11,0
2024-04-12,Houston Astros,Texas Rangers,8,12,0
2024-04-12,Oakland Athletics,Washington Nationals,2,1,1
2024-04-12,Seattle Mariners,Chicago Cubs,4,2,1
2024-04-12,Arizona Diamondbacks,St. Louis Cardinals,6,9,0
2024-04-12,Los Angeles Dodgers,San Diego Padres,7,8,0
2024-04-13,Cleveland Guardians,New York Yankees,2,3,0
2024-04-13,Cleveland Guardians,New York Yankees,2,8,0
2024-04-13,Detroit Tigers,Minnesota Twins,5,11,0
2024-04-13,Detroit Tigers,Minnesota Twins,1,4,0
2024-04-13,New York Mets,Kansas City Royals,7,11,0
2024-04-13,Chicago White Sox,Cincinnati Reds,0,5,0
2024-04-13,Toronto Blue Jays,Colorado Rockies,5,3,1
2024-04-13,Houston Astros,Texas Rangers,9,2,1
2024-04-13,Philadelphia Phillies,Pittsburgh Pirates,4,3,1
2024-04-13,Baltimore Orioles,Milwaukee Brewers,5,11,0
2024-04-13,Oakland Athletics,Washington Nationals,1,3,0
2024-04-13,Boston Red Sox,Los Angeles Angels,7,2,1
2024-04-13,Tampa Bay Rays,San Francisco Giants,2,11,0
2024-04-13,Miami Marlins,Atlanta Braves,5,1,1
2024-04-13,Arizona Diamondbacks,St. Louis Cardinals,4,2,1
2024-04-13,Los Angeles Dodgers,San Diego Padres,5,2,1
2024-04-13,Seattle Mariners,Chicago Cubs,1,4,0
2024-04-14,Boston Red Sox,Los Angeles Angels,5,4,1
2024-04-14,Philadelphia Phillies,Pittsburgh Pirates,2,9,0
2024-04-14,Baltimore Orioles,Milwaukee Brewers,6,4,1
2024-04-14,Toronto Blue Jays,Colorado Rockies,5,0,1
2024-04-14,New York Mets,Kansas City Royals,2,1,1
2024-04-14,Tampa Bay Rays,San Francisco Giants,9,4,1
2024-04-14,Detroit Tigers,Minnesota Twins,4,3,1
2024-04-14,Miami Marlins,Atlanta Braves,7,9,0
2024-04-14,Cleveland Guardians,New York Yankees,8,7,1
2024-04-14,Houston Astros,Texas Rangers,8,5,1
2024-04-14,Chicago White Sox,Cincinnati Reds,4,11,0
2024-04-14,Oakland Athletics,Washington Nationals,7,6,1
2024-04-14,Seattle Mariners,Chicago Cubs,2,3,0
2024-04-14,Arizona Diamondbacks,St. Louis Cardinals,5,0,1
2024-04-14,Los Angeles Dodgers,San Diego Padres,3,6,0
2024-04-15,Boston Red Sox,Cleveland Guardians,0,6,0
2024-04-15,Baltimore Orioles,Minnesota Twins,7,4,1
2024-04-15,Detroit Tigers,Texas Rangers,0,1,0
2024-04-15,Philadelphia Phillies,Colorado Rockies,2,1,1
2024-04-15,Miami Marlins,San Francisco Giants,3,4,0
2024-04-15,Tampa Bay Rays,Los Angeles Angels,3,7,0
2024-04-15,Toronto Blue Jays,New York Yankees,3,1,1
2024-04-15,New York Mets,Pittsburgh Pirates,6,3,1
2024-04-15,Chicago White Sox,Kansas City Royals,0,2,0
2024-04-15,Milwaukee Brewers,San Diego Padres,3,7,0
2024-04-15,Houston Astros,Atlanta Braves,1,6,0
2024-04-15,Arizona Diamondbacks,Chicago Cubs,2,3,0
2024-04-15,Oakland Athletics,St. Louis Cardinals,1,3,0
2024-04-15,Seattle Mariners,Cincinnati Reds,9,3,1
2024-04-15,Los Angeles Dodgers,Washington Nationals,4,6,0
2024-04-16,Detroit Tigers,Texas Rangers,4,2,1
2024-04-16,Baltimore Orioles,Minnesota Twins,11,3,1
2024-04-16,Philadelphia Phillies,Colorado Rockies,5,0,1
2024-04-16,Miami Marlins,San Francisco Giants,6,3,1
2024-04-16,Tampa Bay Rays,Los Angeles Angels,7,6,1
2024-04-16,Toronto Blue Jays,New York Yankees,5,4,1
2024-04-16,Boston Red Sox,Cleveland Guardians,7,10,0
2024-04-16,New York Mets,Pittsburgh Pirates,3,1,1
2024-04-16,Milwaukee Brewers,San Diego Padres,3,6,0
2024-04-16,Houston Astros,Atlanta Braves,2,6,0
2024-04-16,Arizona Diamondbacks,Chicago Cubs,12,11,1
2024-04-16,Seattle Mariners,Cincinnati Reds,3,1,1
2024-04-16,Oakland Athletics,St. Louis Cardinals,2,3,0
2024-04-16,Los Angeles Dodgers,Washington Nationals,6,2,1
2024-04-17,Miami Marlins,San Francisco Giants,1,3,0
2024-04-17,Baltimore Orioles,Minnesota Twins,4,2,1
2024-04-17,New York Mets,Pittsburgh Pirates,9,1,1
2024-04-17,Detroit Tigers,Texas Rangers,4,5,0
2024-04-17,Milwaukee Brewers,San Diego Padres,1,0,1
2024-04-17,Houston Astros,Atlanta Braves,4,5,0
2024-04-17,Chicago White Sox,Kansas City Royals,2,4,0
2024-04-17,Chicago White Sox,Kansas City Royals,2,1,1
2024-04-17,Toronto Blue Jays,New York Yankees,4,6,0
2024-04-17,Los Angeles Dodgers,Washington Nationals,0,2,0
2024-04-17,Oakland Athletics,St. Louis Cardinals,6,3,1
2024-04-17,Arizona Diamondbacks,Chicago Cubs,3,5,0
2024-04-17,Seattle Mariners,Cincinnati Reds,5,1,1
2024-04-17,Philadelphia Phillies,Colorado Rockies,7,6,1
2024-04-17,Tampa Bay Rays,Los Angeles Angels,4,5,0
2024-04-17,Boston Red Sox,Cleveland Guardians,2,0,1
2024-04-18,Tampa Bay Rays,Los Angeles Angels,2,1,1
2024-04-18,Detroit Tigers,Texas Rangers,7,9,0
2024-04-18,Boston Red Sox,Cleveland Guardians,4,5,0
2024-04-18,San Francisco Giants,Arizona Diamondbacks,5,0,1
2024-04-19,Chicago Cubs,Miami Marlins,8,3,1
2024-04-19,Cincinnati Reds,Los Angeles Angels,7,1,1
2024-04-19,Pittsburgh Pirates,Boston Red Sox,1,8,0
2024-04-19,Philadelphia Phillies,Chicago White Sox,7,0,1
2024-04-19,Washington Nationals,Houston Astros,3,5,0
2024-04-19,New York Yankees,Tampa Bay Rays,5,3,1
2024-04-19,Cleveland Guardians,Oakland Athletics,10,2,1
2024-04-19,Atlanta Braves,Texas Rangers,8,3,1
2024-04-19,Kansas City Royals,Baltimore Orioles,9,4,1
2024-04-19,Minnesota Twins,Detroit Tigers,4,5,0
2024-04-19,St. Louis Cardinals,Milwaukee Brewers,1,2,0
2024-04-19,San Diego Padres,Toronto Blue Jays,1,5,0
2024-04-19,Los Angeles Dodgers,New York Mets,4,9,0
2024-04-19,San Francisco Giants,Arizona Diamondbacks,1,17,0
2024-04-20,New York Yankees,Tampa Bay Rays,0,2,0
2024-04-20,Minnesota Twins,Detroit Tigers,4,3,1
2024-04-20,St. Louis Cardinals,Milwaukee Brewers,5,12,0
2024-04-20,Chicago Cubs,Miami Marlins,2,3,0
2024-04-20,Chicago Cubs,Miami Marlins,5,3,1
2024-04-20,Washington Nationals,Houston Astros,5,4,1
2024-04-20,Los Angeles Dodgers,New York Mets,4,6,0
2024-04-20,Pittsburgh Pirates,Boston Red Sox,2,4,0
2024-04-20,San Francisco Giants,Arizona Diamondbacks,7,3,1
2024-04-20,Philadelphia Phillies,Chicago White Sox,9,5,1
2024-04-20,Cleveland Guardians,Oakland Athletics,6,3,1
2024-04-20,Cincinnati Reds,Los Angeles Angels,7,5,1
2024-04-20,Kansas City Royals,Baltimore Orioles,7,9,0
2024-04-20,Atlanta Braves,Texas Rangers,5,2,1
2024-04-20,Colorado Rockies,Seattle Mariners,0,7,0
2024-04-20,San Diego Padres,Toronto Blue Jays,2,5,0
2024-04-21,Washington Nationals,Houston Astros,6,0,1
2024-04-21,Pittsburgh Pirates,Boston Red Sox,1,6,0
2024-04-21,Philadelphia Phillies,Chicago White Sox,8,2,1
2024-04-21,New York Yankees,Tampa Bay Rays,5,4,1
2024-04-21,Cincinnati Reds,Los Angeles Angels,3,0,1
2024-04-21,Cleveland Guardians,Oakland Athletics,6,2,1
2024-04-21,Kansas City Royals,Baltimore Orioles,0,5,0
2024-04-21,Minnesota Twins,Detroit Tigers,1,6,0
2024-04-21,St. Louis Cardinals,Milwaukee Brewers,0,2,0
2024-04-21,Chicago Cubs,Miami Marlins,3,6,0
2024-04-21,Colorado Rockies,Seattle Mariners,2,1,1
2024-04-21,Colorado Rockies,Seattle Mariners,2,10,0
2024-04-21,San Francisco Giants,Arizona Diamondbacks,3,5,0
2024-04-21,Los Angeles Dodgers,New York Mets,10,0,1
2024-04-21,San Diego Padres,Toronto Blue Jays,6,3,1
2024-04-21,Atlanta Braves,Texas Rangers,4,6,0
2024-04-22,New York Yankees,Oakland Athletics,0,2,0
2024-04-22,Cincinnati Reds,Philadelphia Phillies,0,7,0
2024-04-22,Pittsburgh Pirates,Milwaukee Brewers,4,2,1
2024-04-22,Tampa Bay Rays,Detroit Tigers,1,7,0
2024-04-22,Atlanta Braves,Miami Marlins,3,0,1
2024-04-22,Kansas City Royals,Toronto Blue Jays,3,5,0
2024-04-22,Minnesota Twins,Chicago White Sox,7,0,1
2024-04-22,St. Louis Cardinals,Arizona Diamondbacks,5,3,1
2024-04-22,Colorado Rockies,San Diego Padres,1,3,0
2024-04-22,Los Angeles Angels,Baltimore Orioles,2,4,0
2024-04-22,San Francisco Giants,New York Mets,5,2,1
2024-04-23,Cleveland Guardians,Boston Red Sox,4,1,1
2024-04-23,Cincinnati Reds,Philadelphia Phillies,8,1,1
2024-04-23,Pittsburgh Pirates,Milwaukee Brewers,2,1,1
2024-04-23,Washington Nationals,Los Angeles Dodgers,1,4,0
2024-04-23,Tampa Bay Rays,Detroit Tigers,2,4,0
2024-04-23,New York Yankees,Oakland Athletics,4,3,1
2024-04-23,Atlanta Braves,Miami Marlins,5,0,1
2024-04-23,Chicago Cubs,Houston Astros,7,2,1
2024-04-23,Kansas City Royals,Toronto Blue Jays,3,2,1
2024-04-23,Minnesota Twins,Chicago White Sox,6,5,1
2024-04-23,St. Louis Cardinals,Arizona Diamondbacks,1,14,0
2024-04-23,Texas Rangers,Seattle Mariners,0,4,0
2024-04-23,Colorado Rockies,San Diego Padres,7,4,1
2024-04-23,Los Angeles Angels,Baltimore Orioles,7,4,1
2024-04-23,San Francisco Giants,New York Mets,5,1,1
2024-04-24,St. Louis Cardinals,Arizona Diamondbacks,5,1,1
2024-04-24,San Francisco Giants,New York Mets,2,8,0
2024-04-24,Los Angeles Angels,Baltimore Orioles,5,6,0
2024-04-24,Cleveland Guardians,Boston Red Sox,0,8,0
2024-04-24,Cincinnati Reds,Philadelphia Phillies,7,4,1
2024-04-24,Pittsburgh Pirates,Milwaukee Brewers,2,3,0
2024-04-24,Washington Nationals,Los Angeles Dodgers,2,11,0
2024-04-24,Tampa Bay Rays,Detroit Tigers,7,5,1
2024-04-24,New York Yankees,Oakland Athletics,7,3,1
2024-04-24,Atlanta Braves,Miami Marlins,4,3,1
2024-04-24,Chicago Cubs,Houston Astros,4,3,1
2024-04-24,Kansas City Royals,Toronto Blue Jays,3,2,1
2024-04-24,Minnesota Twins,Chicago White Sox,6,3,1
2024-04-24,Texas Rangers,Seattle Mariners,5,1,1
2024-04-24,Colorado Rockies,San Diego Padres,2,5,0
2024-04-25,Pittsburgh Pirates,Milwaukee Brewers,5,7,0
2024-04-25,Cleveland Guardians,Boston Red Sox,6,4,1
2024-04-25,Cincinnati Reds,Philadelphia Phillies,0,5,0
2024-04-25,Minnesota Twins,Chicago White Sox,6,3,1
2024-04-25,Chicago Cubs,Houston Astros,3,1,1
2024-04-25,Texas Rangers,Seattle Mariners,3,4,0
2024-04-25,Colorado Rockies,San Diego Padres,10,9,1
2024-04-25,Washington Nationals,Los Angeles Dodgers,1,2,0
2024-04-25,New York Yankees,Oakland Athletics,1,3,0
2024-04-26,Detroit Tigers,Kansas City Royals,0,8,0
2024-04-26,Baltimore Orioles,Oakland Athletics,2,3,0
2024-04-26,Toronto Blue Jays,Los Angeles Dodgers,2,12,0
2024-04-26,Boston Red Sox,Chicago Cubs,1,7,0
2024-04-26,New York Mets,St. Louis Cardinals,2,4,0
2024-04-26,Miami Marlins,Washington Nationals,1,3,0
2024-04-26,Atlanta Braves,Cleveland Guardians,6,2,1
2024-04-26,Chicago White Sox,Tampa Bay Rays,9,4,1
2024-04-26,Texas Rangers,Cincinnati Reds,2,1,1
2024-04-26,Milwaukee Brewers,New York Yankees,7,6,1
2024-04-26,Los Angeles Angels,Minnesota Twins,3,5,0
2024-04-26,Seattle Mariners,Arizona Diamondbacks,6,1,1
2024-04-26,San Diego Padres,Philadelphia Phillies,3,9,0
2024-04-26,San Francisco Giants,Pittsburgh Pirates,3,0,1
2024-04-27,Toronto Blue Jays,Los Angeles Dodgers,2,4,0
2024-04-27,Baltimore Orioles,Oakland Athletics,7,0,1
2024-04-27,New York Mets,St. Louis Cardinals,4,7,0
2024-04-27,Texas Rangers,Cincinnati Reds,4,8,0
2024-04-27,Boston Red Sox,Chicago Cubs,17,0,1
2024-04-27,Miami Marlins,Washington Nationals,4,11,0
2024-04-27,Colorado Rockies,Houston Astros,4,12,0
2024-04-27,Detroit Tigers,Kansas City Royals,6,5,1
2024-04-27,Chicago White Sox,Tampa Bay Rays,8,7,1
2024-04-27,Milwaukee Brewers,New York Yankees,3,15,0
2024-04-27,Atlanta Braves,Cleveland Guardians,2,4,0
2024-04-27,San Diego Padres,Philadelphia Phillies,1,5,0
2024-04-27,San Francisco Giants,Pittsburgh Pirates,3,4,0
2024-04-27,Los Angeles Angels,Minnesota Twins,5,16,0
2024-04-27,Seattle Mariners,Arizona Diamondbacks,3,1,1
2024-04-28,Baltimore Orioles,Oakland Athletics,6,7,0
2024-04-28,Atlanta Braves,Cleveland Guardians,4,3,1
2024-04-28,Toronto Blue Jays,Los Angeles Dodgers,3,1,1
2024-04-28,Detroit Tigers,Kansas City Royals,4,1,1
2024-04-28,New York Mets,St. Louis Cardinals,4,2,1
2024-04-28,Miami Marlins,Washington Nationals,9,12,0
2024-04-28,Chicago White Sox,Tampa Bay Rays,4,2,1
2024-04-28,Milwaukee Brewers,New York Yankees,5,15,0
2024-04-28,Texas Rangers,Cincinnati Reds,4,3,1
2024-04-28,Colorado Rockies,Houston Astros,2,8,0
2024-04-28,San Francisco Giants,Pittsburgh Pirates,3,2,1
2024-04-28,Los Angeles Angels,Minnesota Twins,5,11,0
2024-04-28,Seattle Mariners,Arizona Diamondbacks,2,3,0
2024-04-28,San Diego Padres,Philadelphia Phillies,6,8,0
2024-04-28,Boston Red Sox,Chicago Cubs,5,4,1
2024-04-29,Baltimore Orioles,New York Yankees,2,0,1
2024-04-29,Miami Marlins,Washington Nationals,2,7,0
2024-04-29,Toronto Blue Jays,Kansas City Royals,6,5,1
2024-04-29,New York Mets,Chicago Cubs,1,3,0
2024-04-29,Chicago White Sox,Minnesota Twins,2,3,0
2024-04-29,Milwaukee Brewers,Tampa Bay Rays,0,1,0
2024-04-29,Los Angeles Angels,Philadelphia Phillies,6,5,1
2024-04-29,Arizona Diamondbacks,Los Angeles Dodgers,4,8,0
2024-04-29,Oakland Athletics,Pittsburgh Pirates,5,1,1
2024-04-29,San Diego Padres,Cincinnati Reds,2,5,0
2024-04-29,Seattle Mariners,Atlanta Braves,2,1,1
2024-04-30,Detroit Tigers,St. Louis Cardinals,1,2,0
2024-04-30,Detroit Tigers,St. Louis Cardinals,11,6,1
2024-04-30,Baltimore Orioles,New York Yankees,4,2,1
2024-04-30,Miami Marlins,Colorado Rockies,7,6,1
2024-04-30,Toronto Blue Jays,Kansas City Royals,1,4,0
2024-04-30,New York Mets,Chicago Cubs,4,2,1
2024-04-30,Boston Red Sox,San Francisco Giants,4,0,1
2024-04-30,Chicago White Sox,Minnesota Twins,5,6,0
2024-04-30,Milwaukee Brewers,Tampa Bay Rays,8,2,1
2024-04-30,Texas Rangers,Washington Nationals,7,1,1
2024-04-30,Houston Astros,Cleveland Guardians,10,9,1
2024-04-30,Los Angeles Angels,Philadelphia Phillies,5,7,0
2024-04-30,Arizona Diamondbacks,Los Angeles Dodgers,4,3,1
2024-04-30,Oakland Athletics,Pittsburgh Pirates,5,2,1
2024-04-30,San Diego Padres,Cincinnati Reds,6,4,1
2024-04-30,Seattle Mariners,Atlanta Braves,3,2,1
2024-05-01,Detroit Tigers,St. Louis Cardinals,4,1,1
2024-05-01,Milwaukee Brewers,Tampa Bay Rays,7,1,1
2024-05-01,Chicago White Sox,Minnesota Twins,5,10,0
2024-05-01,Toronto Blue Jays,Kansas City Royals,1,6,0
2024-05-01,Oakland Athletics,Pittsburgh Pirates,4,0,1
2024-05-01,Seattle Mariners,Atlanta Braves,2,5,0
2024-05-01,Los Angeles Angels,Philadelphia Phillies,1,2,0
2024-05-01,San Diego Padres,Cincinnati Reds,6,2,1
2024-05-01,Baltimore Orioles,New York Yankees,0,2,0
2024-05-01,Miami Marlins,Colorado Rockies,4,1,1
2024-05-01,New York Mets,Chicago Cubs,0,1,0
2024-05-01,Boston Red Sox,San Francisco Giants,6,2,1
2024-05-01,Texas Rangers,Washington Nationals,0,1,0
2024-05-01,Houston Astros,Cleveland Guardians,2,3,0
2024-05-01,Arizona Diamondbacks,Los Angeles Dodgers,0,8,0
2024-05-02,Miami Marlins,Colorado Rockies,5,4,1
2024-05-02,Baltimore Orioles,New York Yankees,7,2,1
2024-05-02,New York Mets,Chicago Cubs,7,6,1
2024-05-02,Boston Red Sox,San Francisco Giants,1,3,0
2024-05-02,Texas Rangers,Washington Nationals,6,0,1
2024-05-02,Houston Astros,Cleveland Guardians,8,2,1
2024-05-03,Chicago Cubs,Milwaukee Brewers,1,3,0
2024-05-03,Cincinnati Reds,Baltimore Orioles,0,3,0
2024-05-03,Pittsburgh Pirates,Colorado Rockies,2,3,0
2024-05-03,Philadelphia Phillies,San Francisco Giants,4,3,1
2024-05-03,Washington Nationals,Toronto Blue Jays,9,3,1
2024-05-03,Tampa Bay Rays,New York Mets,10,8,1
2024-05-03,New York Yankees,Detroit Tigers,2,1,1
2024-05-03,Cleveland Guardians,Los Angeles Angels,0,6,0
2024-05-03,Kansas City Royals,Texas Rangers,7,1,1
2024-05-03,Houston Astros,Seattle Mariners,5,3,1
2024-05-03,Minnesota Twins,Boston Red Sox,5,2,1
2024-05-03,St. Louis Cardinals,Chicago White Sox,3,0,1
2024-05-03,Arizona Diamondbacks,San Diego Padres,1,7,0
2024-05-03,Oakland Athletics,Miami Marlins,3,1,1
2024-05-03,Los Angeles Dodgers,Atlanta Braves,4,3,1
2024-05-04,New York Yankees,Detroit Tigers,5,3,1
2024-05-04,Minnesota Twins,Boston Red Sox,3,1,1
2024-05-04,St. Louis Cardinals,Chicago White Sox,5,6,0
2024-05-04,Chicago Cubs,Milwaukee Brewers,6,5,1
2024-05-04,Pittsburgh Pirates,Colorado Rockies,1,0,1
2024-05-04,Washington Nationals,Toronto Blue Jays,3,6,0
2024-05-04,Oakland Athletics,Miami Marlins,20,4,1
2024-05-04,Philadelphia Phillies,San Francisco Giants,14,3,1
2024-05-04,Cleveland Guardians,Los Angeles Angels,7,1,1
2024-05-04,Cincinnati Reds,Baltimore Orioles,1,2,0
2024-05-04,Kansas City Royals,Texas Rangers,4,15,0
2024-05-04,Houston Astros,Seattle Mariners,0,5,0
2024-05-04,Tampa Bay Rays,New York Mets,3,1,1
2024-05-04,Arizona Diamondbacks,San Diego Padres,1,13,0
2024-05-04,Los Angeles Dodgers,Atlanta Braves,11,2,1
2024-05-05,Pittsburgh Pirates,Colorado Rockies,5,3,1
2024-05-05,Washington Nationals,Toronto Blue Jays,11,8,1
2024-05-05,Cleveland Guardians,Los Angeles Angels,4,1,1
2024-05-05,Tampa Bay Rays,New York Mets,7,6,1
2024-05-05,Houston Astros,Seattle Mariners,4,5,0
2024-05-05,Kansas City Royals,Texas Rangers,2,3,0
2024-05-05,Minnesota Twins,Boston Red Sox,2,9,0
2024-05-05,St. Louis Cardinals,Chicago White Sox,1,5,0
2024-05-05,Chicago Cubs,Milwaukee Brewers,5,0,1
2024-05-05,Oakland Athletics,Miami Marlins,3,12,0
2024-05-05,Cincinnati Reds,Baltimore Orioles,1,11,0
2024-05-05,Arizona Diamondbacks,San Diego Padres,11,4,1
2024-05-05,Los Angeles Dodgers,Atlanta Braves,5,1,1
2024-05-05,Philadelphia Phillies,San Francisco Giants,5,4,1
2024-05-06,Philadelphia Phillies,San Francisco Giants,6,1,1
2024-05-06,Cleveland Guardians,Detroit Tigers,2,1,1
2024-05-06,Pittsburgh Pirates,Los Angeles Angels,4,1,1
2024-05-06,Tampa Bay Rays,Chicago White Sox,8,2,1
2024-05-06,Kansas City Royals,Milwaukee Brewers,3,2,1
2024-05-06,Chicago Cubs,San Diego Padres,3,6,0
2024-05-06,Minnesota Twins,Seattle Mariners,3,1,1
2024-05-06,St. Louis Cardinals,New York Mets,3,4,0
2024-05-06,Oakland Athletics,Texas Rangers,2,4,0
2024-05-06,Los Angeles Dodgers,Miami Marlins,6,3,1
2024-05-07,Oakland Athletics,Texas Rangers,8,15,0
2024-05-07,Cleveland Guardians,Detroit Tigers,7,11,0
2024-05-07,Cincinnati Reds,Arizona Diamondbacks,2,6,0
2024-05-07,Pittsburgh Pirates,Los Angeles Angels,0,9,0
2024-05-07,Philadelphia Phillies,Toronto Blue Jays,10,1,1
2024-05-07,Washington Nationals,Baltimore Orioles,3,0,1
2024-05-07,Tampa Bay Rays,Chicago White Sox,5,1,1
2024-05-07,New York Yankees,Houston Astros,10,3,1
2024-05-07,Atlanta Braves,Boston Red Sox,4,2,1
2024-05-07,Chicago Cubs,San Diego Padres,3,2,1
2024-05-07,Minnesota Twins,Seattle Mariners,6,10,0
2024-05-07,Kansas City Royals,Milwaukee Brewers,5,6,0
2024-05-07,St. Louis Cardinals,New York Mets,5,7,0
2024-05-07,Colorado Rockies,San Francisco Giants,0,5,0
2024-05-07,Los Angeles Dodgers,Miami Marlins,8,2,1
2024-05-08,Pittsburgh Pirates,Los Angeles Angels,4,5,0
2024-05-08,Philadelphia Phillies,Toronto Blue Jays,3,5,0
2024-05-08,Cleveland Guardians,Detroit Tigers,5,4,1
2024-05-08,Kansas City Royals,Milwaukee Brewers,6,4,1
2024-05-08,Chicago Cubs,San Diego Padres,0,3,0
2024-05-08,Los Angeles Dodgers,Miami Marlins,3,1,1
2024-05-08,Oakland Athletics,Texas Rangers,9,4,1
2024-05-08,Oakland Athletics,Texas Rangers,11,12,0
2024-05-08,Cincinnati Reds,Arizona Diamondbacks,3,4,0
2024-05-08,Washington Nationals,Baltimore Orioles,6,7,0
2024-05-08,Tampa Bay Rays,Chicago White Sox,1,4,0
2024-05-08,New York Yankees,Houston Astros,9,4,1
2024-05-08,Atlanta Braves,Boston Red Sox,5,0,1
2024-05-08,Minnesota Twins,Seattle Mariners,6,3,1
2024-05-08,Colorado Rockies,San Francisco Giants,6,8,0
2024-05-09,Cincinnati Reds,Arizona Diamondbacks,4,5,0
2024-05-09,Minnesota Twins,Seattle Mariners,11,1,1
2024-05-09,Colorado Rockies,San Francisco Giants,9,1,1
2024-05-09,New York Yankees,Houston Astros,3,4,0
2024-05-09,Chicago White Sox,Cleveland Guardians,3,2,1
2024-05-09,Milwaukee Brewers,St. Louis Cardinals,7,1,1
2024-05-09,Los Angeles Angels,Kansas City Royals,4,10,0
2024-05-10,Detroit Tigers,Houston Astros,2,5,0
2024-05-10,Pittsburgh Pirates,Chicago Cubs,2,7,0
2024-05-10,Tampa Bay Rays,New York Yankees,0,2,0
2024-05-10,Baltimore Orioles,Arizona Diamondbacks,4,2,1
2024-05-10,Toronto Blue Jays,Minnesota Twins,2,3,0
2024-05-10,Boston Red Sox,Washington Nationals,1,5,0
2024-05-10,New York Mets,Atlanta Braves,2,4,0
2024-05-10,Miami Marlins,Philadelphia Phillies,2,8,0
2024-05-10,Chicago White Sox,Cleveland Guardians,6,3,1
2024-05-10,Milwaukee Brewers,St. Louis Cardinals,11,2,1
2024-05-10,Colorado Rockies,Texas Rangers,4,2,1
2024-05-10,Los Angeles Angels,Kansas City Royals,1,2,0
2024-05-10,San Diego Padres,Los Angeles Dodgers,2,1,1
2024-05-10,Seattle Mariners,Oakland Athletics,8,1,1
2024-05-10,San Francisco Giants,Cincinnati Reds,2,4,0
2024-05-11,Toronto Blue Jays,Minnesota Twins,10,8,1
2024-05-11,Baltimore Orioles,Arizona Diamondbacks,5,4,1
2024-05-11,Pittsburgh Pirates,Chicago Cubs,10,9,1
2024-05-11,Boston Red Sox,Washington Nationals,4,2,1
2024-05-11,New York Mets,Atlanta Braves,1,4,0
2024-05-11,Miami Marlins,Philadelphia Phillies,3,8,0
2024-05-11,Tampa Bay Rays,New York Yankees,7,2,1
2024-05-11,Detroit Tigers,Houston Astros,8,2,1
2024-05-11,Chicago White Sox,Cleveland Guardians,3,1,1
2024-05-11,San Francisco Giants,Cincinnati Reds,5,1,1
2024-05-11,Milwaukee Brewers,St. Louis Cardinals,5,3,1
2024-05-11,Colorado Rockies,Texas Rangers,8,3,1
2024-05-11,San Diego Padres,Los Angeles Dodgers,0,5,0
2024-05-11,Los Angeles Angels,Kansas City Royals,9,3,1
2024-05-11,Seattle Mariners,Oakland Athletics,1,8,0
2024-05-12,Baltimore Orioles,Arizona Diamondbacks,2,9,0
2024-05-12,Boston Red Sox,Washington Nationals,3,2,1
2024-05-12,Pittsburgh Pirates,Chicago Cubs,4,5,0
2024-05-12,Toronto Blue Jays,Minnesota Twins,1,5,0
2024-05-12,Detroit Tigers,Houston Astros,3,9,0
2024-05-12,Miami Marlins,Philadelphia Phillies,7,6,1
2024-05-12,Tampa Bay Rays,New York Yankees,6,10,0
2024-05-12,Chicago White Sox,Cleveland Guardians,0,7,0
2024-05-12,Milwaukee Brewers,St. Louis Cardinals,3,4,0
2024-05-12,Colorado Rockies,Texas Rangers,3,1,1
2024-05-12,San Francisco Giants,Cincinnati Reds,6,5,1
2024-05-12,Los Angeles Angels,Kansas City Royals,2,4,0
2024-05-12,San Diego Padres,Los Angeles Dodgers,4,0,1
2024-05-12,Seattle Mariners,Oakland Athletics,8,4,1
2024-05-12,New York Mets,Atlanta Braves,4,3,1
2024-05-13,Baltimore Orioles,Toronto Blue Jays,2,3,0
2024-05-13,Detroit Tigers,Miami Marlins,6,5,1
2024-05-13,Boston Red Sox,Tampa Bay Rays,3,5,0
2024-05-13,New York Mets,Philadelphia Phillies,4,5,0
2024-05-13,Atlanta Braves,Chicago Cubs,2,0,1
2024-05-13,Milwaukee Brewers,Pittsburgh Pirates,6,8,0
2024-05-13,Texas Rangers,Cleveland Guardians,0,7,0
2024-05-13,Houston Astros,Oakland Athletics,9,2,1
2024-05-13,Los Angeles Angels,St. Louis Cardinals,5,10,0
2024-05-13,Arizona Diamondbacks,Cincinnati Reds,6,5,1
2024-05-13,San Diego Padres,Colorado Rockies,4,5,0
2024-05-13,Seattle Mariners,Kansas City Royals,6,2,1
2024-05-13,San Francisco Giants,Los Angeles Dodgers,4,6,0
2024-05-14,New York Mets,Philadelphia Phillies,0,4,0
2024-05-14,Chicago White Sox,Washington Nationals,3,6,0
2024-05-14,Chicago White Sox,Washington Nationals,4,0,1
2024-05-14,Detroit Tigers,Miami Marlins,0,1,0
2024-05-14,Boston Red Sox,Tampa Bay Rays,5,4,1
2024-05-14,Atlanta Braves,Chicago Cubs,7,0,1
2024-05-14,Minnesota Twins,New York Yankees,1,5,0
2024-05-14,Milwaukee Brewers,Pittsburgh Pirates,4,3,1
2024-05-14,Texas Rangers,Cleveland Guardians,4,7,0
2024-05-14,Houston Astros,Oakland Athletics,2,1,1
2024-05-14,Los Angeles Angels,St. Louis Cardinals,6,7,0
2024-05-14,Arizona Diamondbacks,Cincinnati Reds,2,6,0
2024-05-14,San Diego Padres,Colorado Rockies,3,6,0
2024-05-14,Seattle Mariners,Kansas City Royals,2,4,0
2024-05-14,San Francisco Giants,Los Angeles Dodgers,2,10,0
2024-05-15,Baltimore Orioles,Toronto Blue Jays,3,2,1
2024-05-15,Detroit Tigers,Miami Marlins,0,2,0
2024-05-15,Milwaukee Brewers,Pittsburgh Pirates,10,2,1
2024-05-15,Chicago White Sox,Washington Nationals,2,0,1
2024-05-15,Arizona Diamondbacks,Cincinnati Reds,2,1,1
2024-05-15,San Diego Padres,Colorado Rockies,0,8,0
2024-05-15,Seattle Mariners,Kansas City Royals,4,2,1
2024-05-15,Philadelphia Phillies,New York Mets,10,5,1
2024-05-15,Boston Red Sox,Tampa Bay Rays,3,4,0
2024-05-15,Atlanta Braves,Chicago Cubs,1,7,0
2024-05-15,Minnesota Twins,New York Yankees,0,4,0
2024-05-15,Texas Rangers,Cleveland Guardians,4,0,1
2024-05-15,Houston Astros,Oakland Athletics,3,0,1
2024-05-15,Los Angeles Angels,St. Louis Cardinals,7,2,1
2024-05-15,San Francisco Giants,Los Angeles Dodgers,4,1,1
2024-05-16,Minnesota Twins,New York Yankees,0,5,0
2024-05-16,Philadelphia Phillies,New York Mets,5,6,0
2024-05-16,Boston Red Sox,Tampa Bay Rays,5,7,0
2024-05-16,Chicago Cubs,Pittsburgh Pirates,4,5,0
2024-05-16,Houston Astros,Oakland Athletics,8,1,1
2024-05-16,Los Angeles Dodgers,Cincinnati Reds,2,7,0
2024-05-17,Chicago Cubs,Pittsburgh Pirates,3,9,0
2024-05-17,Philadelphia Phillies,Washington Nationals,4,2,1
2024-05-17,Baltimore Orioles,Seattle Mariners,9,2,1
2024-05-17,New York Yankees,Chicago White Sox,4,2,1
2024-05-17,Toronto Blue Jays,Tampa Bay Rays,3,4,0
2024-05-17,Cleveland Guardians,Minnesota Twins,3,2,1
2024-05-17,Miami Marlins,New York Mets,8,0,1
2024-05-17,Atlanta Braves,San Diego Padres,1,3,0
2024-05-17,Kansas City Royals,Oakland Athletics,6,2,1
2024-05-17,Texas Rangers,Los Angeles Angels,3,9,0
2024-05-17,Houston Astros,Milwaukee Brewers,5,4,1
2024-05-17,St. Louis Cardinals,Boston Red Sox,10,6,1
2024-05-17,Arizona Diamondbacks,Detroit Tigers,0,13,0
2024-05-17,Los Angeles Dodgers,Cincinnati Reds,7,3,1
2024-05-17,San Francisco Giants,Colorado Rockies,10,5,1
2024-05-18,New York Yankees,Chicago White Sox,6,1,1
2024-05-18,Chicago Cubs,Pittsburgh Pirates,1,0,1
2024-05-18,Toronto Blue Jays,Tampa Bay Rays,4,5,0
2024-05-18,Baltimore Orioles,Seattle Mariners,3,4,0
2024-05-18,San Francisco Giants,Colorado Rockies,14,4,1
2024-05-18,Miami Marlins,New York Mets,10,9,1
2024-05-18,Philadelphia Phillies,Washington Nationals,4,3,1
2024-05-18,Cleveland Guardians,Minnesota Twins,11,4,1
2024-05-18,Kansas City Royals,Oakland Athletics,5,3,1
2024-05-18,Houston Astros,Milwaukee Brewers,2,4,0
2024-05-18,St. Louis Cardinals,Boston Red Sox,7,2,1
2024-05-18,Texas Rangers,Los Angeles Angels,3,2,1
2024-05-18,Arizona Diamondbacks,Detroit Tigers,3,8,0
2024-05-18,Los Angeles Dodgers,Cincinnati Reds,4,0,1
2024-05-19,St. Louis Cardinals,Boston Red Sox,3,11,0
2024-05-19,Baltimore Orioles,Seattle Mariners,6,3,1
2024-05-19,Philadelphia Phillies,Washington Nationals,11,5,1
2024-05-19,New York Yankees,Chicago White Sox,7,2,1
2024-05-19,Toronto Blue Jays,Tampa Bay Rays,5,2,1
2024-05-19,Cleveland Guardians,Minnesota Twins,5,2,1
2024-05-19,Miami Marlins,New York Mets,3,7,0
2024-05-19,Kansas City Royals,Oakland Athletics,8,4,1
2024-05-19,Houston Astros,Milwaukee Brewers,9,4,1
2024-05-19,Chicago Cubs,Pittsburgh Pirates,2,3,0
2024-05-19,Texas Rangers,Los Angeles Angels,1,4,0
2024-05-19,San Francisco Giants,Colorado Rockies,4,1,1
2024-05-19,Arizona Diamondbacks,Detroit Tigers,6,4,1
2024-05-19,Los Angeles Dodgers,Cincinnati Reds,3,2,1
2024-05-19,Atlanta Braves,San Diego Padres,1,9,0
2024-05-20,Atlanta Braves,San Diego Padres,5,6,0
2024-05-20,Atlanta Braves,San Diego Padres,3,0,1
2024-05-20,Toronto Blue Jays,Chicago White Sox,9,3,1
2024-05-20,Cleveland Guardians,New York Mets,3,1,1
2024-05-20,Miami Marlins,Milwaukee Brewers,3,2,1
2024-05-20,Washington Nationals,Minnesota Twins,12,3,1
2024-05-20,Tampa Bay Rays,Boston Red Sox,0,5,0
2024-05-20,New York Yankees,Seattle Mariners,4,5,0
2024-05-20,Kansas City Royals,Detroit Tigers,8,3,1
2024-05-20,St. Louis Cardinals,Baltimore Orioles,6,3,1
2024-05-20,Houston Astros,Los Angeles Angels,7,9,0
2024-05-20,Los Angeles Dodgers,Arizona Diamondbacks,6,4,1
2024-05-21,Cleveland Guardians,New York Mets,7,6,1
2024-05-21,Cincinnati Reds,San Diego Padres,2,0,1
2024-05-21,Pittsburgh Pirates,San Francisco Giants,7,6,1
2024-05-21,Philadelphia Phillies,Texas Rangers,5,2,1
2024-05-21,Miami Marlins,Milwaukee Brewers,5,7,0
2024-05-21,Washington Nationals,Minnesota Twins,0,10,0
2024-05-21,Tampa Bay Rays,Boston Red Sox,2,5,0
2024-05-21,New York Yankees,Seattle Mariners,3,6,0
2024-05-21,Toronto Blue Jays,Chicago White Sox,0,5,0
2024-05-21,Kansas City Royals,Detroit Tigers,10,3,1
2024-05-21,Chicago Cubs,Atlanta Braves,4,3,1
2024-05-21,St. Louis Cardinals,Baltimore Orioles,3,1,1
2024-05-21,Houston Astros,Los Angeles Angels,6,5,1
2024-05-21,Oakland Athletics,Colorado Rockies,5,4,1
2024-05-21,Los Angeles Dodgers,Arizona Diamondbacks,3,7,0
2024-05-22,St. Louis Cardinals,Baltimore Orioles,3,1,1
2024-05-22,Washington Nationals,Minnesota Twins,2,3,0
2024-05-22,Cleveland Guardians,New York Mets,6,3,1
2024-05-22,St. Louis Cardinals,Baltimore Orioles,5,4,1
2024-05-22,Houston Astros,Los Angeles Angels,1,2,0
2024-05-22,Kansas City Royals,Detroit Tigers,8,3,1
2024-05-22,Cincinnati Reds,San Diego Padres,3,7,0
2024-05-22,Pittsburgh Pirates,San Francisco Giants,5,9,0
2024-05-22,Philadelphia Phillies,Texas Rangers,11,4,1
2024-05-22,Miami Marlins,Milwaukee Brewers,1,0,1
2024-05-22,Tampa Bay Rays,Boston Red Sox,5,8,0
2024-05-22,New York Yankees,Seattle Mariners,7,3,1
2024-05-22,Toronto Blue Jays,Chicago White Sox,9,2,1
2024-05-22,Chicago Cubs,Atlanta Braves,2,9,0
2024-05-22,Oakland Athletics,Colorado Rockies,3,4,0
2024-05-22,Los Angeles Dodgers,Arizona Diamondbacks,0,6,0
2024-05-23,Pittsburgh Pirates,San Francisco Giants,6,7,0
2024-05-23,New York Yankees,Seattle Mariners,5,0,1
2024-05-23,Philadelphia Phillies,Texas Rangers,5,2,1
2024-05-23,Cincinnati Reds,San Diego Padres,4,6,0
2024-05-23,Chicago Cubs,Atlanta Braves,0,3,0
2024-05-23,Oakland Athletics,Colorado Rockies,10,9,1
2024-05-23,Detroit Tigers,Toronto Blue Jays,1,9,0
2024-05-23,Chicago White Sox,Baltimore Orioles,6,8,0
2024-05-24,Detroit Tigers,Toronto Blue Jays,6,2,1
2024-05-24,Pittsburgh Pirates,Atlanta Braves,11,5,1
2024-05-24,Washington Nationals,Seattle Mariners,6,1,1
2024-05-24,Tampa Bay Rays,Kansas City Royals,1,8,0
2024-05-24,Cincinnati Reds,Los Angeles Dodgers,9,6,1
2024-05-24,New York Mets,San Francisco Giants,7,8,0
2024-05-24,Minnesota Twins,Texas Rangers,3,2,1
2024-05-24,Boston Red Sox,Milwaukee Brewers,2,7,0
2024-05-24,Chicago White Sox,Baltimore Orioles,4,6,0
2024-05-24,Colorado Rockies,Philadelphia Phillies,3,2,1
2024-05-24,Los Angeles Angels,Cleveland Guardians,4,10,0
2024-05-24,Oakland Athletics,Houston Astros,3,6,0
2024-05-24,Arizona Diamondbacks,Miami Marlins,0,3,0
2024-05-24,San Diego Padres,New York Yankees,0,8,0
2024-05-25,Detroit Tigers,Toronto Blue Jays,2,1,1
2024-05-25,New York Mets,San Francisco Giants,2,7,0
2024-05-25,Minnesota Twins,Texas Rangers,5,3,1
2024-05-25,Chicago White Sox,Baltimore Orioles,3,5,0
2024-05-25,Washington Nationals,Seattle Mariners,3,1,1
2024-05-25,Pittsburgh Pirates,Atlanta Braves,4,1,1
2024-05-25,Oakland Athletics,Houston Astros,3,1,1
2024-05-25,Tampa Bay Rays,Kansas City Royals,4,7,0
2024-05-25,Boston Red Sox,Milwaukee Brewers,3,6,0
2024-05-25,Cincinnati Reds,Los Angeles Dodgers,3,1,1
2024-05-25,St. Louis Cardinals,Chicago Cubs,7,6,1
2024-05-25,Colorado Rockies,Philadelphia Phillies,4,8,0
2024-05-25,Los Angeles Angels,Cleveland Guardians,3,4,0
2024-05-25,San Diego Padres,New York Yankees,1,4,0
2024-05-25,Arizona Diamondbacks,Miami Marlins,3,2,1
2024-05-26,Detroit Tigers,Toronto Blue Jays,14,11,1
2024-05-26,Cincinnati Reds,Los Angeles Dodgers,4,1,1
2024-05-26,Washington Nationals,Seattle Mariners,5,9,0
2024-05-26,Pittsburgh Pirates,Atlanta Braves,1,8,0
2024-05-26,Boston Red Sox,Milwaukee Brewers,2,1,1
2024-05-26,New York Mets,San Francisco Giants,4,3,1
2024-05-26,Tampa Bay Rays,Kansas City Royals,4,1,1
2024-05-26,Minnesota Twins,Texas Rangers,2,6,0
2024-05-26,Chicago White Sox,Baltimore Orioles,1,4,0
2024-05-26,Colorado Rockies,Philadelphia Phillies,5,2,1
2024-05-26,Los Angeles Angels,Cleveland Guardians,4,5,0
2024-05-26,Oakland Athletics,Houston Astros,2,5,0
2024-05-26,Arizona Diamondbacks,Miami Marlins,1,3,0
2024-05-26,San Diego Padres,New York Yankees,5,2,1
2024-05-26,St. Louis Cardinals,Chicago Cubs,4,3,1
2024-05-27,Baltimore Orioles,Boston Red Sox,11,3,1
2024-05-27,Minnesota Twins,Kansas City Royals,6,5,1
2024-05-27,Chicago White Sox,Toronto Blue Jays,1,5,0
2024-05-27,Colorado Rockies,Cleveland Guardians,8,6,1
2024-05-27,Cincinnati Reds,St. Louis Cardinals,3,1,1
2024-05-27,Atlanta Braves,Washington Nationals,4,8,0
2024-05-27,Milwaukee Brewers,Chicago Cubs,5,1,1
2024-05-27,San Francisco Giants,Philadelphia Phillies,8,4,1
2024-05-27,San Diego Padres,Miami Marlins,2,1,1
2024-05-27,Seattle Mariners,Houston Astros,3,2,1
2024-05-28,New York Mets,Los Angeles Dodgers,2,5,0
2024-05-28,New York Mets,Los Angeles Dodgers,0,3,0
2024-05-28,Baltimore Orioles,Boston Red Sox,3,8,0
2024-05-28,Cincinnati Reds,St. Louis Cardinals,1,7,0
2024-05-28,Tampa Bay Rays,Oakland Athletics,0,3,0
2024-05-28,Atlanta Braves,Washington Nationals,2,0,1
2024-05-28,Minnesota Twins,Kansas City Royals,4,2,1
2024-05-28,Chicago White Sox,Toronto Blue Jays,2,7,0
2024-05-28,Milwaukee Brewers,Chicago Cubs,3,6,0
2024-05-28,Texas Rangers,Arizona Diamondbacks,4,2,1
2024-05-28,Colorado Rockies,Cleveland Guardians,7,13,0
2024-05-28,Los Angeles Angels,New York Yankees,4,3,1
2024-05-28,Seattle Mariners,Houston Astros,4,2,1
2024-05-28,San Diego Padres,Miami Marlins,4,0,1
2024-05-28,San Francisco Giants,Philadelphia Phillies,1,0,1
2024-05-29,Detroit Tigers,Pittsburgh Pirates,8,0,1
2024-05-29,Detroit Tigers,Pittsburgh Pirates,2,10,0
2024-05-29,Cincinnati Reds,St. Louis Cardinals,3,5,0
2024-05-29,Texas Rangers,Arizona Diamondbacks,6,1,1
2024-05-29,San Francisco Giants,Philadelphia Phillies,1,6,0
2024-05-29,New York Mets,Los Angeles Dodgers,3,10,0
2024-05-29,San Diego Padres,Miami Marlins,1,9,0
2024-05-29,Baltimore Orioles,Boston Red Sox,6,1,1
2024-05-29,Tampa Bay Rays,Oakland Athletics,4,3,1
2024-05-29,Atlanta Braves,Washington Nationals,2,7,0
2024-05-29,Minnesota Twins,Kansas City Royals,1,6,0
2024-05-29,Chicago White Sox,Toronto Blue Jays,1,3,0
2024-05-29,Milwaukee Brewers,Chicago Cubs,10,6,1
2024-05-29,Colorado Rockies,Cleveland Guardians,7,4,1
2024-05-29,Los Angeles Angels,New York Yankees,1,2,0
2024-05-29,Seattle Mariners,Houston Astros,2,1,1
2024-05-30,Tampa Bay Rays,Oakland Athletics,6,5,1
2024-05-30,Minnesota Twins,Kansas City Royals,7,6,1
2024-05-30,Milwaukee Brewers,Chicago Cubs,6,4,1
2024-05-30,Seattle Mariners,Houston Astros,0,4,0
2024-05-30,Boston Red Sox,Detroit Tigers,0,5,0
2024-05-30,New York Mets,Arizona Diamondbacks,3,2,1
2024-05-30,Atlanta Braves,Washington Nationals,1,3,0
2024-05-30,Los Angeles Angels,New York Yankees,3,8,0
2024-05-31,Chicago Cubs,Cincinnati Reds,4,5,0
2024-05-31,Philadelphia Phillies,St. Louis Cardinals,4,2,1
2024-05-31,Baltimore Orioles,Tampa Bay Rays,3,1,1
2024-05-31,Toronto Blue Jays,Pittsburgh Pirates,5,3,1
2024-05-31,Boston Red Sox,Detroit Tigers,7,3,1
2024-05-31,Cleveland Guardians,Washington Nationals,7,1,1
2024-05-31,New York Mets,Arizona Diamondbacks,10,9,1
2024-05-31,Miami Marlins,Texas Rangers,8,2,1
2024-05-31,Atlanta Braves,Oakland Athletics,4,2,1
2024-05-31,Kansas City Royals,San Diego Padres,8,11,0
2024-05-31,Houston Astros,Minnesota Twins,1,6,0
2024-05-31,Milwaukee Brewers,Chicago White Sox,12,5,1
2024-05-31,Los Angeles Dodgers,Colorado Rockies,1,4,0
2024-05-31,Seattle Mariners,Los Angeles Angels,5,4,1
2024-05-31,San Francisco Giants,New York Yankees,2,6,0
2024-06-01,Toronto Blue Jays,Pittsburgh Pirates,1,8,0
2024-06-01,Baltimore Orioles,Tampa Bay Rays,9,5,1
2024-06-01,Boston Red Sox,Detroit Tigers,6,3,1
2024-06-01,Cleveland Guardians,Washington Nationals,3,2,1
2024-06-01,New York Mets,Arizona Diamondbacks,5,10,0
2024-06-01,Kansas City Royals,San Diego Padres,3,7,0
2024-06-01,Houston Astros,Minnesota Twins,5,2,1
2024-06-01,Atlanta Braves,Oakland Athletics,9,11,0
2024-06-01,Miami Marlins,Texas Rangers,0,7,0
2024-06-01,Milwaukee Brewers,Chicago White Sox,4,3,1
2024-06-01,Chicago Cubs,Cincinnati Reds,7,5,1
2024-06-01,Seattle Mariners,Los Angeles Angels,9,0,1
2024-06-01,Philadelphia Phillies,St. Louis Cardinals,6,1,1
2024-06-01,San Francisco Giants,New York Yankees,3,7,0
2024-06-01,Los Angeles Dodgers,Colorado Rockies,4,1,1
2024-06-02,Houston Astros,Minnesota Twins,3,4,0
2024-06-02,Boston Red Sox,Detroit Tigers,4,8,0
2024-06-02,Baltimore Orioles,Tampa Bay Rays,3,4,0
2024-06-02,Atlanta Braves,Oakland Athletics,3,1,1
2024-06-02,Toronto Blue Jays,Pittsburgh Pirates,5,4,1
2024-06-02,Cleveland Guardians,Washington Nationals,2,5,0
2024-06-02,New York Mets,Arizona Diamondbacks,4,5,0
2024-06-02,Miami Marlins,Texas Rangers,0,6,0
2024-06-02,Kansas City Royals,San Diego Padres,4,3,1
2024-06-02,Milwaukee Brewers,Chicago White Sox,6,3,1
2024-06-02,Chicago Cubs,Cincinnati Reds,2,5,0
2024-06-02,San Francisco Giants,New York Yankees,5,7,0
2024-06-02,Los Angeles Dodgers,Colorado Rockies,4,0,1
2024-06-02,Seattle Mariners,Los Angeles Angels,5,1,1
2024-06-02,Philadelphia Phillies,St. Louis Cardinals,4,5,0
2024-06-03,Philadelphia Phillies,Milwaukee Brewers,3,1,1
2024-06-03,Washington Nationals,New York Mets,7,8,0
2024-06-03,Toronto Blue Jays,Baltimore Orioles,2,7,0
2024-06-03,Texas Rangers,Detroit Tigers,1,2,0
2024-06-03,Houston Astros,St. Louis Cardinals,7,4,1
2024-06-03,Colorado Rockies,Cincinnati Reds,3,13,0
2024-06-03,Los Angeles Angels,San Diego Padres,2,1,1
2024-06-03,Arizona Diamondbacks,San Francisco Giants,4,2,1
2024-06-04,Cleveland Guardians,Kansas City Royals,8,5,1
2024-06-04,Pittsburgh Pirates,Los Angeles Dodgers,1,0,1
2024-06-04,Miami Marlins,Tampa Bay Rays,5,9,0
2024-06-04,Philadelphia Phillies,Milwaukee Brewers,2,1,1
2024-06-04,Washington Nationals,New York Mets,3,6,0
2024-06-04,New York Yankees,Minnesota Twins,5,1,1
2024-06-04,Toronto Blue Jays,Baltimore Orioles,1,10,0
2024-06-04,Boston Red Sox,Atlanta Braves,3,8,0
2024-06-04,Texas Rangers,Detroit Tigers,1,3,0
2024-06-04,Chicago Cubs,Chicago White Sox,7,6,1
2024-06-04,Houston Astros,St. Louis Cardinals,8,5,1
2024-06-04,Colorado Rockies,Cincinnati Reds,1,4,0
2024-06-04,Los Angeles Angels,San Diego Padres,4,2,1
2024-06-04,Oakland Athletics,Seattle Mariners,3,4,0
2024-06-04,Arizona Diamondbacks,San Francisco Giants,8,5,1
2024-06-05,Boston Red Sox,Atlanta Braves,9,0,1
2024-06-05,Houston Astros,St. Louis Cardinals,2,4,0
2024-06-05,Colorado Rockies,Cincinnati Reds,7,12,0
2024-06-05,Arizona Diamondbacks,San Francisco Giants,3,9,0
2024-06-05,Washington Nationals,New York Mets,1,9,0
2024-06-05,Philadelphia Phillies,Milwaukee Brewers,2,0,1
2024-06-05,Pittsburgh Pirates,Los Angeles Dodgers,10,6,1
2024-06-05,Miami Marlins,Tampa Bay Rays,3,5,0
2024-06-05,New York Yankees,Minnesota Twins,9,5,1
2024-06-05,Toronto Blue Jays,Baltimore Orioles,3,2,1
2024-06-05,Texas Rangers,Detroit Tigers,9,1,1
2024-06-05,Chicago Cubs,Chicago White Sox,7,6,1
2024-06-05,Los Angeles Angels,San Diego Padres,3,2,1
2024-06-05,Oakland Athletics,Seattle Mariners,2,1,1
2024-06-06,Toronto Blue Jays,Baltimore Orioles,6,5,1
2024-06-06,Cleveland Guardians,Kansas City Royals,3,4,0
2024-06-06,Oakland Athletics,Seattle Mariners,0,3,0
2024-06-06,Pittsburgh Pirates,Los Angeles Dodgers,7,11,0
2024-06-06,Washington Nationals,Atlanta Braves,2,5,0
2024-06-06,New York Yankees,Minnesota Twins,8,5,1
2024-06-06,Cincinnati Reds,Chicago Cubs,8,4,1
2024-06-06,St. Louis Cardinals,Colorado Rockies,2,3,0
2024-06-06,Chicago White Sox,Boston Red Sox,2,14,0
2024-06-06,San Diego Padres,Arizona Diamondbacks,3,4,0
2024-06-07,St. Louis Cardinals,Colorado Rockies,8,5,1
2024-06-07,Pittsburgh Pirates,Minnesota Twins,3,0,1
2024-06-07,Detroit Tigers,Milwaukee Brewers,0,10,0
2024-06-07,Washington Nationals,Atlanta Braves,2,1,1
2024-06-07,Tampa Bay Rays,Baltimore Orioles,3,6,0
2024-06-07,New York Yankees,Los Angeles Dodgers,1,2,0
2024-06-07,Cincinnati Reds,Chicago Cubs,3,2,1
2024-06-07,Miami Marlins,Cleveland Guardians,3,2,1
2024-06-07,Texas Rangers,San Francisco Giants,2,5,0
2024-06-07,Kansas City Royals,Seattle Mariners,10,9,1
2024-06-07,Chicago White Sox,Boston Red Sox,7,2,1
2024-06-07,Los Angeles Angels,Houston Astros,1,7,0
2024-06-07,San Diego Padres,Arizona Diamondbacks,10,3,1
2024-06-07,Oakland Athletics,Toronto Blue Jays,2,1,1
2024-06-08,New York Mets,Philadelphia Phillies,2,7,0
2024-06-08,Texas Rangers,San Francisco Giants,1,3,0
2024-06-08,Pittsburgh Pirates,Minnesota Twins,4,0,1
2024-06-08,Washington Nationals,Atlanta Braves,7,3,1
2024-06-08,Oakland Athletics,Toronto Blue Jays,0,7,0
2024-06-08,Cincinnati Reds,Chicago Cubs,4,3,1
2024-06-08,Kansas City Royals,Seattle Mariners,8,4,1
2024-06-08,Tampa Bay Rays,Baltimore Orioles,0,5,0
2024-06-08,Chicago White Sox,Boston Red Sox,6,1,1
2024-06-08,Detroit Tigers,Milwaukee Brewers,4,5,0
2024-06-08,St. Louis Cardinals,Colorado Rockies,5,6,0
2024-06-08,Miami Marlins,Cleveland Guardians,0,8,0
2024-06-08,New York Yankees,Los Angeles Dodgers,3,11,0
2024-06-08,San Diego Padres,Arizona Diamondbacks,13,1,1
2024-06-08,Los Angeles Angels,Houston Astros,1,6,0
2024-06-09,Philadelphia Phillies,New York Mets,5,6,0
2024-06-09,Texas Rangers,San Francisco Giants,7,2,1
2024-06-09,Pittsburgh Pirates,Minnesota Twins,5,11,0
2024-06-09,Washington Nationals,Atlanta Braves,8,5,1
2024-06-09,Cincinnati Reds,Chicago Cubs,2,4,0
2024-06-09,Tampa Bay Rays,Baltimore Orioles,2,9,0
2024-06-09,Miami Marlins,Cleveland Guardians,3,6,0
2024-06-09,Detroit Tigers,Milwaukee Brewers,10,2,1
2024-06-09,Kansas City Royals,Seattle Mariners,5,6,0
2024-06-09,Chicago White Sox,Boston Red Sox,4,6,0
2024-06-09,St. Louis Cardinals,Colorado Rockies,5,1,1
2024-06-09,Los Angeles Angels,Houston Astros,9,7,1
2024-06-09,Oakland Athletics,Toronto Blue Jays,4,6,0
2024-06-09,San Diego Padres,Arizona Diamondbacks,3,9,0
2024-06-09,New York Yankees,Los Angeles Dodgers,6,4,1
2024-06-10,Tampa Bay Rays,Baltimore Orioles,2,5,0
2024-06-10,Minnesota Twins,Colorado Rockies,5,0,1
2024-06-10,Kansas City Royals,New York Yankees,2,4,0
2024-06-10,Milwaukee Brewers,Toronto Blue Jays,3,1,1
2024-06-10,San Diego Padres,Oakland Athletics,6,1,1
2024-06-10,Seattle Mariners,Chicago White Sox,8,4,1
2024-06-10,San Francisco Giants,Houston Astros,4,3,1
2024-06-11,Baltimore Orioles,Atlanta Braves,4,0,1
2024-06-11,Detroit Tigers,Washington Nationals,4,5,0
2024-06-11,Tampa Bay Rays,Chicago Cubs,5,2,1
2024-06-11,Cincinnati Reds,Cleveland Guardians,3,5,0
2024-06-11,Boston Red Sox,Philadelphia Phillies,1,4,0
2024-06-11,New York Mets,Miami Marlins,2,4,0
2024-06-11,Minnesota Twins,Colorado Rockies,4,5,0
2024-06-11,St. Louis Cardinals,Pittsburgh Pirates,1,2,0
2024-06-11,Kansas City Royals,New York Yankees,1,10,0
2024-06-11,Milwaukee Brewers,Toronto Blue Jays,0,3,0
2024-06-11,Arizona Diamondbacks,Los Angeles Angels,9,4,1
2024-06-11,San Diego Padres,Oakland Athletics,4,3,1
2024-06-11,Seattle Mariners,Chicago White Sox,4,3,1
2024-06-11,San Francisco Giants,Houston Astros,1,3,0
2024-06-11,Los Angeles Dodgers,Texas Rangers,15,2,1
2024-06-12,Minnesota Twins,Colorado Rockies,17,9,1
2024-06-12,Milwaukee Brewers,Toronto Blue Jays,5,4,1
2024-06-12,San Francisco Giants,Houston Astros,5,3,1
2024-06-12,San Diego Padres,Oakland Athletics,5,4,1
2024-06-12,Baltimore Orioles,Atlanta Braves,4,2,1
2024-06-12,Detroit Tigers,Washington Nationals,5,7,0
2024-06-12,Tampa Bay Rays,Chicago Cubs,3,4,0
2024-06-12,Cincinnati Reds,Cleveland Guardians,4,2,1
2024-06-12,Boston Red Sox,Philadelphia Phillies,8,6,1
2024-06-12,New York Mets,Miami Marlins,10,4,1
2024-06-12,St. Louis Cardinals,Pittsburgh Pirates,4,2,1
2024-06-12,Kansas City Royals,New York Yankees,5,11,0
2024-06-12,Arizona Diamondbacks,Los Angeles Angels,3,8,0
2024-06-12,Seattle Mariners,Chicago White Sox,2,1,1
2024-06-12,Los Angeles Dodgers,Texas Rangers,2,3,0
2024-06-13,Baltimore Orioles,Atlanta Braves,3,6,0
2024-06-13,Detroit Tigers,Washington Nationals,7,2,1
2024-06-13,Kansas City Royals,New York Yankees,4,3,1
2024-06-13,St. Louis Cardinals,Pittsburgh Pirates,4,3,1
2024-06-13,Tampa Bay Rays,Chicago Cubs,3,2,1
2024-06-13,Boston Red Sox,Philadelphia Phillies,9,3,1
2024-06-13,New York Mets,Miami Marlins,3,2,1
2024-06-13,Minnesota Twins,Oakland Athletics,6,2,1
2024-06-13,Arizona Diamondbacks,Los Angeles Angels,11,1,1
2024-06-13,Seattle Mariners,Chicago White Sox,2,3,0
2024-06-13,Los Angeles Dodgers,Texas Rangers,1,3,0
2024-06-14,Chicago Cubs,St. Louis Cardinals,0,3,0
2024-06-14,Boston Red Sox,New York Yankees,1,8,0
2024-06-14,Washington Nationals,Miami Marlins,8,1,1
2024-06-14,Baltimore Orioles,Philadelphia Phillies,3,5,0
2024-06-14,Toronto Blue Jays,Cleveland Guardians,1,3,0
2024-06-14,New York Mets,San Diego Padres,2,1,1
2024-06-14,Atlanta Braves,Tampa Bay Rays,7,3,1
2024-06-14,Houston Astros,Detroit Tigers,4,0,1
2024-06-14,Minnesota Twins,Oakland Athletics,6,5,1
2024-06-14,Milwaukee Brewers,Cincinnati Reds,5,6,0
2024-06-14,Colorado Rockies,Pittsburgh Pirates,2,5,0
2024-06-14,Arizona Diamondbacks,Chicago White Sox,7,1,1
2024-06-14,Los Angeles Dodgers,Kansas City Royals,4,3,1
2024-06-14,Seattle Mariners,Texas Rangers,3,2,1
2024-06-14,San Francisco Giants,Los Angeles Angels,6,8,0
2024-06-15,Chicago Cubs,St. Louis Cardinals,5,1,1
2024-06-15,Toronto Blue Jays,Cleveland Guardians,5,0,1
2024-06-15,San Francisco Giants,Los Angeles Angels,3,4,0
2024-06-15,Baltimore Orioles,Philadelphia Phillies,6,2,1
2024-06-15,Washington Nationals,Miami Marlins,4,0,1
2024-06-15,Houston Astros,Detroit Tigers,5,13,0
2024-06-15,New York Mets,San Diego Padres,5,1,1
2024-06-15,Atlanta Braves,Tampa Bay Rays,9,2,1
2024-06-15,Milwaukee Brewers,Cincinnati Reds,3,1,1
2024-06-15,Seattle Mariners,Texas Rangers,7,5,1
2024-06-15,Boston Red Sox,New York Yankees,8,4,1
2024-06-15,Los Angeles Dodgers,Kansas City Royals,2,7,0
2024-06-15,Colorado Rockies,Pittsburgh Pirates,16,4,1
2024-06-15,Arizona Diamondbacks,Chicago White Sox,2,9,0
2024-06-16,Chicago Cubs,St. Louis Cardinals,1,2,0
2024-06-16,Baltimore Orioles,Philadelphia Phillies,8,3,1
2024-06-16,Atlanta Braves,Tampa Bay Rays,6,8,0
2024-06-16,Washington Nationals,Miami Marlins,3,1,1
2024-06-16,Toronto Blue Jays,Cleveland Guardians,7,6,1
2024-06-16,New York Mets,San Diego Padres,11,6,1
2024-06-16,Houston Astros,Detroit Tigers,4,1,1
2024-06-16,Minnesota Twins,Oakland Athletics,6,2,1
2024-06-16,Minnesota Twins,Oakland Athletics,8,7,1
2024-06-16,Milwaukee Brewers,Cincinnati Reds,5,4,1
2024-06-16,Colorado Rockies,Pittsburgh Pirates,2,8,0
2024-06-16,San Francisco Giants,Los Angeles Angels,13,6,1
2024-06-16,Los Angeles Dodgers,Kansas City Royals,3,0,1
2024-06-16,Seattle Mariners,Texas Rangers,5,0,1
2024-06-16,Arizona Diamondbacks,Chicago White Sox,12,5,1
2024-06-16,Boston Red Sox,New York Yankees,9,3,1
2024-06-17,Pittsburgh Pirates,Cincinnati Reds,4,1,1
2024-06-17,Philadelphia Phillies,San Diego Padres,9,2,1
2024-06-17,Miami Marlins,St. Louis Cardinals,6,7,0
2024-06-17,Toronto Blue Jays,Boston Red Sox,3,7,0
2024-06-17,Atlanta Braves,Detroit Tigers,2,1,1
2024-06-17,Chicago Cubs,San Francisco Giants,6,7,0
2024-06-17,Texas Rangers,New York Mets,2,14,0
2024-06-17,Colorado Rockies,Los Angeles Dodgers,5,9,0
2024-06-17,Los Angeles Angels,Milwaukee Brewers,5,3,1
2024-06-18,Miami Marlins,St. Louis Cardinals,9,8,1
2024-06-18,Pittsburgh Pirates,Cincinnati Reds,1,2,0
2024-06-18,Cleveland Guardians,Seattle Mariners,5,8,0
2024-06-18,Philadelphia Phillies,San Diego Padres,4,3,1
2024-06-18,Washington Nationals,Arizona Diamondbacks,0,5,0
2024-06-18,New York Yankees,Baltimore Orioles,4,2,1
2024-06-18,Toronto Blue Jays,Boston Red Sox,3,4,0
2024-06-18,Atlanta Braves,Detroit Tigers,2,1,1
2024-06-18,Minnesota Twins,Tampa Bay Rays,7,6,1
2024-06-18,Chicago Cubs,San Francisco Giants,5,2,1
2024-06-18,Texas Rangers,New York Mets,6,7,0
2024-06-18,Chicago White Sox,Houston Astros,2,0,1
2024-06-18,Colorado Rockies,Los Angeles Dodgers,9,11,0
2024-06-18,Los Angeles Angels,Milwaukee Brewers,3,6,0
2024-06-18,Oakland Athletics,Kansas City Royals,7,5,1
2024-06-19,Atlanta Braves,Detroit Tigers,7,0,1
2024-06-19,Pittsburgh Pirates,Cincinnati Reds,1,0,1
2024-06-19,Miami Marlins,St. Louis Cardinals,4,3,1
2024-06-19,Philadelphia Phillies,San Diego Padres,2,5,0
2024-06-19,Chicago Cubs,San Francisco Giants,6,5,1
2024-06-19,Washington Nationals,Arizona Diamondbacks,3,1,1
2024-06-19,Cleveland Guardians,Seattle Mariners,8,0,1
2024-06-19,New York Yankees,Baltimore Orioles,6,7,0
2024-06-19,Toronto Blue Jays,Boston Red Sox,3,7,0
2024-06-19,Minnesota Twins,Tampa Bay Rays,2,3,0
2024-06-19,Texas Rangers,New York Mets,5,3,1
2024-06-19,Chicago White Sox,Houston Astros,1,4,0
2024-06-19,Colorado Rockies,Los Angeles Dodgers,7,6,1
2024-06-19,Los Angeles Angels,Milwaukee Brewers,0,2,0
2024-06-19,Oakland Athletics,Kansas City Royals,5,1,1
2024-06-20,Washington Nationals,Arizona Diamondbacks,2,5,0
2024-06-20,Cleveland Guardians,Seattle Mariners,6,3,1
2024-06-20,Minnesota Twins,Tampa Bay Rays,6,7,0
2024-06-20,Chicago White Sox,Houston Astros,3,5,0
2024-06-20,Colorado Rockies,Los Angeles Dodgers,3,5,0
2024-06-20,Oakland Athletics,Kansas City Royals,2,3,0
2024-06-20,New York Yankees,Baltimore Orioles,5,17,0
2024-06-20,St. Louis Cardinals,San Francisco Giants,6,5,1
2024-06-20,San Diego Padres,Milwaukee Brewers,7,6,1
2024-06-21,Chicago Cubs,New York Mets,1,11,0
2024-06-21,Pittsburgh Pirates,Tampa Bay Rays,3,10,0
2024-06-21,Philadelphia Phillies,Arizona Diamondbacks,4,5,0
2024-06-21,Detroit Tigers,Chicago White Sox,2,1,1
2024-06-21,New York Yankees,Atlanta Braves,1,8,0
2024-06-21,Cincinnati Reds,Boston Red Sox,5,2,1
2024-06-21,Cleveland Guardians,Toronto Blue Jays,7,1,1
2024-06-21,Miami Marlins,Seattle Mariners,3,2,1
2024-06-21,Texas Rangers,Kansas City Royals,6,2,1
2024-06-21,Houston Astros,Baltimore Orioles,14,11,1
2024-06-21,Colorado Rockies,Washington Nationals,5,11,0
2024-06-21,Oakland Athletics,Minnesota Twins,6,5,1
2024-06-21,San Diego Padres,Milwaukee Brewers,9,5,1
2024-06-21,Los Angeles Dodgers,Los Angeles Angels,2,3,0
2024-06-22,Detroit Tigers,Chicago White Sox,1,5,0
2024-06-22,St. Louis Cardinals,San Francisco Giants,9,4,1
2024-06-22,Chicago Cubs,New York Mets,8,1,1
2024-06-22,Pittsburgh Pirates,Tampa Bay Rays,4,3,1
2024-06-22,Texas Rangers,Kansas City Royals,6,0,1
2024-06-22,Philadelphia Phillies,Arizona Diamondbacks,12,1,1
2024-06-22,Oakland Athletics,Minnesota Twins,2,10,0
2024-06-22,Cincinnati Reds,Boston Red Sox,3,4,0
2024-06-22,Houston Astros,Baltimore Orioles,5,1,1
2024-06-22,Cleveland Guardians,Toronto Blue Jays,6,3,1
2024-06-22,Miami Marlins,Seattle Mariners,0,9,0
2024-06-22,New York Yankees,Atlanta Braves,8,3,1
2024-06-22,San Diego Padres,Milwaukee Brewers,6,4,1
2024-06-22,Colorado Rockies,Washington Nationals,8,7,1
2024-06-22,Los Angeles Dodgers,Los Angeles Angels,7,2,1
2024-06-23,Philadelphia Phillies,Arizona Diamondbacks,4,1,1
2024-06-23,Pittsburgh Pirates,Tampa Bay Rays,1,3,0
2024-06-23,New York Yankees,Atlanta Braves,1,3,0
2024-06-23,Cincinnati Reds,Boston Red Sox,4,7,0
2024-06-23,Cleveland Guardians,Toronto Blue Jays,6,5,1
2024-06-23,Detroit Tigers,Chicago White Sox,11,2,1
2024-06-23,Miami Marlins,Seattle Mariners,6,4,1
2024-06-23,Houston Astros,Baltimore Orioles,8,1,1
2024-06-23,St. Louis Cardinals,San Francisco Giants,5,3,1
2024-06-23,Texas Rangers,Kansas City Royals,4,0,1
2024-06-23,Colorado Rockies,Washington Nationals,1,2,0
2024-06-23,Oakland Athletics,Minnesota Twins,0,3,0
2024-06-23,San Diego Padres,Milwaukee Brewers,2,6,0
2024-06-23,Chicago Cubs,New York Mets,2,5,0
2024-06-24,Baltimore Orioles,Cleveland Guardians,2,3,0
2024-06-24,Detroit Tigers,Philadelphia Phillies,1,8,0
2024-06-24,Tampa Bay Rays,Seattle Mariners,4,3,1
2024-06-24,Cincinnati Reds,Pittsburgh Pirates,11,5,1
2024-06-24,Boston Red Sox,Toronto Blue Jays,7,6,1
2024-06-24,St. Louis Cardinals,Atlanta Braves,4,3,1
2024-06-24,Chicago White Sox,Los Angeles Dodgers,0,3,0
2024-06-24,Kansas City Royals,Miami Marlins,4,1,1
2024-06-24,Milwaukee Brewers,Texas Rangers,6,3,1
2024-06-24,Los Angeles Angels,Oakland Athletics,5,1,1
2024-06-24,San Diego Padres,Washington Nationals,7,6,1
2024-06-24,San Francisco Giants,Chicago Cubs,5,4,1
2024-06-25,Baltimore Orioles,Cleveland Guardians,8,10,0
2024-06-25,Detroit Tigers,Philadelphia Phillies,4,1,1
2024-06-25,Tampa Bay Rays,Seattle Mariners,11,3,1
2024-06-25,Cincinnati Reds,Pittsburgh Pirates,5,9,0
2024-06-25,Boston Red Sox,Toronto Blue Jays,4,9,0
2024-06-25,New York Mets,New York Yankees,9,7,1
2024-06-25,Houston Astros,Colorado Rockies,5,2,1
2024-06-25,Chicago White Sox,Los Angeles Dodgers,3,4,0
2024-06-25,Kansas City Royals,Miami Marlins,1,2,0
2024-06-25,Milwaukee Brewers,Texas Rangers,3,1,1
2024-06-25,Los Angeles Angels,Oakland Athletics,7,5,1
2024-06-25,San Diego Padres,Washington Nationals,9,7,1
2024-06-25,Arizona Diamondbacks,Minnesota Twins,5,4,1
2024-06-25,San Francisco Giants,Chicago Cubs,5,1,1
2024-06-26,Tampa Bay Rays,Seattle Mariners,2,5,0
2024-06-26,Cincinnati Reds,Pittsburgh Pirates,1,6,0
2024-06-26,Detroit Tigers,Philadelphia Phillies,2,6,0
2024-06-26,St. Louis Cardinals,Atlanta Braves,2,6,0
2024-06-26,St. Louis Cardinals,Atlanta Braves,4,1,1
2024-06-26,Houston Astros,Colorado Rockies,7,1,1
2024-06-26,Kansas City Royals,Miami Marlins,5,1,1
2024-06-26,Milwaukee Brewers,Texas Rangers,6,5,1
2024-06-26,Los Angeles Angels,Oakland Athletics,5,2,1
2024-06-26,San Diego Padres,Washington Nationals,8,5,1
2024-06-26,Baltimore Orioles,Cleveland Guardians,4,2,1
2024-06-26,Boston Red Sox,Toronto Blue Jays,1,4,0
2024-06-26,New York Mets,New York Yankees,12,2,1
2024-06-26,Chicago White Sox,Los Angeles Dodgers,0,4,0
2024-06-26,Arizona Diamondbacks,Minnesota Twins,3,8,0
2024-06-26,San Francisco Giants,Chicago Cubs,4,3,1
2024-06-27,Arizona Diamondbacks,Minnesota Twins,6,13,0
2024-06-27,San Francisco Giants,Chicago Cubs,3,5,0
2024-06-27,Chicago White Sox,Atlanta Braves,1,0,1
2024-06-27,Philadelphia Phillies,Miami Marlins,4,7,0
2024-06-27,Baltimore Orioles,Texas Rangers,11,2,1
2024-06-27,Toronto Blue Jays,New York Yankees,9,2,1
2024-06-27,St. Louis Cardinals,Cincinnati Reds,4,11,0
2024-06-27,Kansas City Royals,Cleveland Guardians,2,1,1
2024-06-27,Los Angeles Angels,Detroit Tigers,5,0,1
2024-06-28,Philadelphia Phillies,Miami Marlins,2,0,1
2024-06-28,Tampa Bay Rays,Washington Nationals,3,1,1
2024-06-28,Baltimore Orioles,Texas Rangers,2,1,1
2024-06-28,Toronto Blue Jays,New York Yankees,5,16,0
2024-06-28,New York Mets,Houston Astros,7,2,1
2024-06-28,Boston Red Sox,San Diego Padres,2,9,0
2024-06-28,Chicago White Sox,Colorado Rockies,5,3,1
2024-06-28,Atlanta Braves,Pittsburgh Pirates,6,1,1
2024-06-28,Kansas City Royals,Cleveland Guardians,10,3,1
2024-06-28,Milwaukee Brewers,Chicago Cubs,4,2,1
2024-06-28,St. Louis Cardinals,Cincinnati Reds,1,0,1
2024-06-28,Los Angeles Angels,Detroit Tigers,5,2,1
2024-06-28,Arizona Diamondbacks,Oakland Athletics,4,9,0
2024-06-28,Seattle Mariners,Minnesota Twins,3,2,1
2024-06-28,San Francisco Giants,Los Angeles Dodgers,5,3,1
2024-06-29,Chicago White Sox,Colorado Rockies,11,3,1
2024-06-29,St. Louis Cardinals,Cincinnati Reds,4,9,0
2024-06-29,Toronto Blue Jays,New York Yankees,9,3,1
2024-06-29,Philadelphia Phillies,Miami Marlins,2,3,0
2024-06-29,Kansas City Royals,Cleveland Guardians,2,7,0
2024-06-29,New York Mets,Houston Astros,6,9,0
2024-06-29,Arizona Diamondbacks,Oakland Athletics,3,0,1
2024-06-29,Boston Red Sox,San Diego Padres,1,11,0
2024-06-29,Tampa Bay Rays,Washington Nationals,1,8,0
2024-06-29,Atlanta Braves,Pittsburgh Pirates,2,1,1
2024-06-29,Milwaukee Brewers,Chicago Cubs,3,5,0
2024-06-29,San Francisco Giants,Los Angeles Dodgers,7,14,0
2024-06-29,Baltimore Orioles,Texas Rangers,6,5,1
2024-06-29,Los Angeles Angels,Detroit Tigers,6,5,1
2024-06-29,Seattle Mariners,Minnesota Twins,1,5,0
2024-06-30,Atlanta Braves,Pittsburgh Pirates,2,4,0
2024-06-30,Boston Red Sox,San Diego Padres,4,1,1
2024-06-30,Philadelphia Phillies,Miami Marlins,7,6,1
2024-06-30,Toronto Blue Jays,New York Yankees,1,8,0
2024-06-30,New York Mets,Houston Astros,5,10,0
2024-06-30,Tampa Bay Rays,Washington Nationals,5,0,1
2024-06-30,Kansas City Royals,Cleveland Guardians,6,2,1
2024-06-30,Chicago White Sox,Colorado Rockies,4,5,0
2024-06-30,Milwaukee Brewers,Chicago Cubs,7,1,1
2024-06-30,St. Louis Cardinals,Cincinnati Reds,2,0,1
2024-06-30,San Francisco Giants,Los Angeles Dodgers,10,4,1
2024-06-30,Los Angeles Angels,Detroit Tigers,6,7,0
2024-06-30,Arizona Diamondbacks,Oakland Athletics,5,1,1
2024-06-30,Seattle Mariners,Minnesota Twins,3,5,0
2024-06-30,Baltimore Orioles,Texas Rangers,2,11,0
2024-07-01,Toronto Blue Jays,Houston Astros,1,3,0
2024-07-01,Washington Nationals,New York Mets,7,9,0
2024-07-01,Colorado Rockies,Milwaukee Brewers,8,7,1
2024-07-02,Pittsburgh Pirates,St. Louis Cardinals,4,7,0
2024-07-02,Cleveland Guardians,Chicago White Sox,7,6,1
2024-07-02,Miami Marlins,Boston Red Sox,3,8,0
2024-07-02,Washington Nationals,New York Mets,2,7,0
2024-07-02,New York Yankees,Cincinnati Reds,4,5,0
2024-07-02,Toronto Blue Jays,Houston Astros,7,6,1
2024-07-02,Atlanta Braves,San Francisco Giants,3,5,0
2024-07-02,Minnesota Twins,Detroit Tigers,5,3,1
2024-07-02,Texas Rangers,San Diego Padres,7,0,1
2024-07-02,Chicago Cubs,Philadelphia Phillies,4,6,0
2024-07-02,Kansas City Royals,Tampa Bay Rays,1,5,0
2024-07-02,Colorado Rockies,Milwaukee Brewers,3,4,0
2024-07-02,Oakland Athletics,Los Angeles Angels,7,5,1
2024-07-02,Seattle Mariners,Baltimore Orioles,0,2,0
2024-07-02,Los Angeles Dodgers,Arizona Diamondbacks,6,5,1
2024-07-03,Pittsburgh Pirates,St. Louis Cardinals,5,4,1
2024-07-03,Cleveland Guardians,Chicago White Sox,2,8,0
2024-07-03,Miami Marlins,Boston Red Sox,2,7,0
2024-07-03,Washington Nationals,New York Mets,7,5,1
2024-07-03,New York Yankees,Cincinnati Reds,2,3,0
2024-07-03,Toronto Blue Jays,Houston Astros,2,9,0
2024-07-03,Atlanta Braves,San Francisco Giants,3,1,1
2024-07-03,Texas Rangers,San Diego Padres,4,6,0
2024-07-03,Chicago Cubs,Philadelphia Phillies,3,5,0
2024-07-03,Kansas City Royals,Tampa Bay Rays,4,2,1
2024-07-03,Minnesota Twins,Detroit Tigers,2,9,0
2024-07-03,Colorado Rockies,Milwaukee Brewers,0,3,0
2024-07-03,Oakland Athletics,Los Angeles Angels,5,0,1
2024-07-03,Los Angeles Dodgers,Arizona Diamondbacks,4,12,0
2024-07-03,Seattle Mariners,Baltimore Orioles,1,4,0
2024-07-04,Washington Nationals,New York Mets,1,0,1
2024-07-04,Pittsburgh Pirates,St. Louis Cardinals,2,3,0
2024-07-04,New York Yankees,Cincinnati Reds,4,8,0
2024-07-04,Toronto Blue Jays,Houston Astros,3,5,0
2024-07-04,Cleveland Guardians,Chicago White Sox,8,4,1
2024-07-04,Miami Marlins,Boston Red Sox,5,6,0
2024-07-04,Chicago Cubs,Philadelphia Phillies,10,2,1
2024-07-04,Texas Rangers,San Diego Padres,1,3,0
2024-07-04,Oakland Athletics,Los Angeles Angels,5,0,1
2024-07-04,Seattle Mariners,Baltimore Orioles,7,3,1
2024-07-04,Atlanta Braves,San Francisco Giants,2,4,0
2024-07-04,Kansas City Royals,Tampa Bay Rays,8,10,0
2024-07-04,Colorado Rockies,Milwaukee Brewers,4,3,1
2024-07-04,Los Angeles Dodgers,Arizona Diamondbacks,3,9,0
2024-07-05,Chicago Cubs,Los Angeles Angels,5,1,1
2024-07-05,Pittsburgh Pirates,New York Mets,14,2,1
2024-07-05,Washington Nationals,St. Louis Cardinals,6,7,0
2024-07-05,New York Yankees,Boston Red Sox,3,5,0
2024-07-05,Cincinnati Reds,Detroit Tigers,4,5,0
2024-07-05,Cleveland Guardians,San Francisco Giants,2,4,0
2024-07-05,Miami Marlins,Chicago White Sox,2,3,0
2024-07-05,Atlanta Braves,Philadelphia Phillies,6,8,0
2024-07-05,Texas Rangers,Tampa Bay Rays,3,0,1
2024-07-05,Colorado Rockies,Kansas City Royals,4,2,1
2024-07-05,Minnesota Twins,Houston Astros,12,13,0
2024-07-05,Oakland Athletics,Baltimore Orioles,2,3,0
2024-07-05,San Diego Padres,Arizona Diamondbacks,10,8,1
2024-07-05,Seattle Mariners,Toronto Blue Jays,2,1,1
2024-07-05,Los Angeles Dodgers,Milwaukee Brewers,8,5,1
2024-07-06,New York Yankees,Boston Red Sox,14,4,1
2024-07-06,Minnesota Twins,Houston Astros,9,3,1
2024-07-06,Chicago Cubs,Los Angeles Angels,0,7,0
2024-07-06,Pittsburgh Pirates,New York Mets,2,5,0
2024-07-06,Washington Nationals,St. Louis Cardinals,14,6,1
2024-07-06,Texas Rangers,Tampa Bay Rays,4,3,1
2024-07-06,Oakland Athletics,Baltimore Orioles,19,8,1
2024-07-06,Cincinnati Reds,Detroit Tigers,3,5,0
2024-07-06,Cleveland Guardians,San Francisco Giants,5,4,1
2024-07-06,Seattle Mariners,Toronto Blue Jays,4,5,0
2024-07-06,Miami Marlins,Chicago White Sox,4,3,1
2024-07-06,Atlanta Braves,Philadelphia Phillies,5,1,1
2024-07-06,Los Angeles Dodgers,Milwaukee Brewers,5,3,1
2024-07-06,Colorado Rockies,Kansas City Royals,3,1,1
2024-07-06,San Diego Padres,Arizona Diamondbacks,5,7,0
2024-07-07,Pittsburgh Pirates,New York Mets,2,3,0
2024-07-07,Washington Nationals,St. Louis Cardinals,3,8,0
2024-07-07,Atlanta Braves,Philadelphia Phillies,6,0,1
2024-07-07,Cincinnati Reds,Detroit Tigers,1,5,0
2024-07-07,Cleveland Guardians,San Francisco Giants,5,4,1
2024-07-07,Miami Marlins,Chicago White Sox,7,4,1
2024-07-07,Minnesota Twins,Houston Astros,3,2,1
2024-07-07,Chicago Cubs,Los Angeles Angels,5,0,1
2024-07-07,Texas Rangers,Tampa Bay Rays,13,2,1
2024-07-07,Colorado Rockies,Kansas City Royals,1,10,0
2024-07-07,Oakland Athletics,Baltimore Orioles,3,6,0
2024-07-07,San Diego Padres,Arizona Diamondbacks,1,9,0
2024-07-07,Seattle Mariners,Toronto Blue Jays,4,5,0
2024-07-07,Los Angeles Dodgers,Milwaukee Brewers,2,9,0
2024-07-07,New York Yankees,Boston Red Sox,0,3,0
2024-07-08,Pittsburgh Pirates,New York Mets,8,2,1
2024-07-08,Washington Nationals,St. Louis Cardinals,0,6,0
2024-07-08,Detroit Tigers,Cleveland Guardians,1,0,1
2024-07-08,Cincinnati Reds,Colorado Rockies,6,0,1
2024-07-08,Chicago White Sox,Minnesota Twins,6,8,0
2024-07-08,Los Angeles Angels,Texas Rangers,4,9,0
2024-07-08,Arizona Diamondbacks,Atlanta Braves,4,5,0
2024-07-09,Baltimore Orioles,Chicago Cubs,2,9,0
2024-07-09,Detroit Tigers,Cleveland Guardians,8,9,0
2024-07-09,Philadelphia Phillies,Los Angeles Dodgers,10,1,1
2024-07-09,Tampa Bay Rays,New York Yankees,5,3,1
2024-07-09,Cincinnati Reds,Colorado Rockies,12,6,1
2024-07-09,New York Mets,Washington Nationals,7,5,1
2024-07-09,Boston Red Sox,Oakland Athletics,12,9,1
2024-07-09,Houston Astros,Miami Marlins,4,3,1
2024-07-09,Milwaukee Brewers,Pittsburgh Pirates,2,12,0
2024-07-09,Los Angeles Angels,Texas Rangers,4,5,0
2024-07-09,San Diego Padres,Seattle Mariners,3,8,0
2024-07-09,Arizona Diamondbacks,Atlanta Braves,2,6,0
2024-07-09,San Francisco Giants,Toronto Blue Jays,4,3,1
2024-07-10,St. Louis Cardinals,Kansas City Royals,4,6,0
2024-07-10,St. Louis Cardinals,Kansas City Royals,5,8,0
2024-07-10,Chicago White Sox,Minnesota Twins,3,1,1
2024-07-10,Chicago White Sox,Minnesota Twins,2,3,0
2024-07-10,Baltimore Orioles,Chicago Cubs,0,4,0
2024-07-10,Detroit Tigers,Cleveland Guardians,5,4,1
2024-07-10,San Diego Padres,Seattle Mariners,0,2,0
2024-07-10,Tampa Bay Rays,New York Yankees,1,2,0
2024-07-10,Philadelphia Phillies,Los Angeles Dodgers,4,3,1
2024-07-10,Cincinnati Reds,Colorado Rockies,5,6,0
2024-07-10,New York Mets,Washington Nationals,6,2,1
2024-07-10,Boston Red Sox,Oakland Athletics,2,5,0
2024-07-10,Houston Astros,Miami Marlins,9,1,1
2024-07-10,Milwaukee Brewers,Pittsburgh Pirates,9,0,1
2024-07-10,Los Angeles Angels,Texas Rangers,7,2,1
2024-07-10,Arizona Diamondbacks,Atlanta Braves,7,5,1
2024-07-10,San Francisco Giants,Toronto Blue Jays,6,10,0
2024-07-11,Cincinnati Reds,Colorado Rockies,8,1,1
2024-07-11,Detroit Tigers,Cleveland Guardians,10,1,1
2024-07-11,New York Mets,Washington Nationals,7,0,1
2024-07-11,Milwaukee Brewers,Pittsburgh Pirates,0,1,0
2024-07-11,San Francisco Giants,Toronto Blue Jays,3,5,0
2024-07-11,Philadelphia Phillies,Los Angeles Dodgers,5,1,1
2024-07-11,Baltimore Orioles,Chicago Cubs,0,8,0
2024-07-11,Tampa Bay Rays,New York Yankees,5,4,1
2024-07-11,Boston Red Sox,Oakland Athletics,7,0,1
2024-07-11,Houston Astros,Miami Marlins,6,3,1
2024-07-11,Los Angeles Angels,Seattle Mariners,0,11,0
2024-07-11,Arizona Diamondbacks,Atlanta Braves,1,0,1
2024-07-12,Detroit Tigers,Los Angeles Dodgers,3,4,0
2024-07-12,Philadelphia Phillies,Oakland Athletics,2,6,0
2024-07-12,Tampa Bay Rays,Cleveland Guardians,2,0,1
2024-07-12,Baltimore Orioles,New York Yankees,1,4,0
2024-07-12,Boston Red Sox,Kansas City Royals,1,6,0
2024-07-12,New York Mets,Colorado Rockies,7,6,1
2024-07-12,Cincinnati Reds,Miami Marlins,7,4,1
2024-07-12,Houston Astros,Texas Rangers,6,3,1
2024-07-12,Chicago White Sox,Pittsburgh Pirates,1,4,0
2024-07-12,Milwaukee Brewers,Washington Nationals,2,5,0
2024-07-12,St. Louis Cardinals,Chicago Cubs,1,5,0
2024-07-12,Los Angeles Angels,Seattle Mariners,6,5,1
2024-07-12,Arizona Diamondbacks,Toronto Blue Jays,5,4,1
2024-07-12,San Diego Padres,Atlanta Braves,1,6,0
2024-07-12,San Francisco Giants,Minnesota Twins,7,1,1
2024-07-13,Detroit Tigers,Los Angeles Dodgers,11,9,1
2024-07-13,Chicago White Sox,Pittsburgh Pirates,2,6,0
2024-07-13,St. Louis Cardinals,Chicago Cubs,11,3,1
2024-07-13,St. Louis Cardinals,Chicago Cubs,5,4,1
2024-07-13,Philadelphia Phillies,Oakland Athletics,11,5,1
2024-07-13,Baltimore Orioles,New York Yankees,1,6,0
2024-07-13,Boston Red Sox,Kansas City Royals,5,0,1
2024-07-13,New York Mets,Colorado Rockies,7,3,1
2024-07-13,Tampa Bay Rays,Cleveland Guardians,2,4,0
2024-07-13,Houston Astros,Texas Rangers,1,2,0
2024-07-13,Cincinnati Reds,Miami Marlins,10,6,1
2024-07-13,Milwaukee Brewers,Washington Nationals,5,6,0
2024-07-13,San Francisco Giants,Minnesota Twins,2,4,0
2024-07-13,San Diego Padres,Atlanta Braves,4,0,1
2024-07-13,Los Angeles Angels,Seattle Mariners,2,1,1
2024-07-13,Arizona Diamondbacks,Toronto Blue Jays,12,1,1
2024-07-14,Baltimore Orioles,New York Yankees,6,5,1
2024-07-14,Boston Red Sox,Kansas City Royals,5,4,1
2024-07-14,Philadelphia Phillies,Oakland Athletics,3,18,0
2024-07-14,Detroit Tigers,Los Angeles Dodgers,4,3,1
2024-07-14,New York Mets,Colorado Rockies,5,8,0
2024-07-14,Tampa Bay Rays,Cleveland Guardians,2,0,1
2024-07-14,Cincinnati Reds,Miami Marlins,2,3,0
2024-07-14,Houston Astros,Texas Rangers,2,4,0
2024-07-14,Chicago White Sox,Pittsburgh Pirates,4,9,0
2024-07-14,Milwaukee Brewers,Washington Nationals,9,3,1
2024-07-14,St. Louis Cardinals,Chicago Cubs,3,8,0
2024-07-14,San Francisco Giants,Minnesota Twins,3,2,1
2024-07-14,Los Angeles Angels,Seattle Mariners,3,2,1
2024-07-14,Arizona Diamondbacks,Toronto Blue Jays,7,8,0
2024-07-14,San Diego Padres,Atlanta Braves,3,6,0
2024-07-19,Chicago Cubs,Arizona Diamondbacks,2,5,0
2024-07-19,Pittsburgh Pirates,Philadelphia Phillies,8,7,1
2024-07-19,Washington Nationals,Cincinnati Reds,8,5,1
2024-07-19,New York Yankees,Tampa Bay Rays,6,1,1
2024-07-19,Toronto Blue Jays,Detroit Tigers,4,5,0
2024-07-19,Cleveland Guardians,San Diego Padres,7,0,1
2024-07-19,Miami Marlins,New York Mets,6,4,1
2024-07-19,Texas Rangers,Baltimore Orioles,1,9,0
2024-07-19,Kansas City Royals,Chicago White Sox,7,1,1
2024-07-19,Colorado Rockies,San Francisco Giants,7,3,1
2024-07-19,Oakland Athletics,Los Angeles Angels,13,3,1
2024-07-19,Los Angeles Dodgers,Boston Red Sox,4,1,1
2024-07-19,Seattle Mariners,Houston Astros,0,3,0
2024-07-20,New York Yankees,Tampa Bay Rays,1,9,0
2024-07-20,Atlanta Braves,St. Louis Cardinals,3,2,1
2024-07-20,Atlanta Braves,St. Louis Cardinals,5,9,0
2024-07-20,Toronto Blue Jays,Detroit Tigers,3,7,0
2024-07-20,Oakland Athletics,Los Angeles Angels,8,2,1
2024-07-20,Miami Marlins,New York Mets,0,1,0
2024-07-20,Pittsburgh Pirates,Philadelphia Phillies,4,1,1
2024-07-20,Washington Nationals,Cincinnati Reds,5,4,1
2024-07-20,Texas Rangers,Baltimore Orioles,4,8,0
2024-07-20,Cleveland Guardians,San Diego Padres,0,7,0
2024-07-20,Kansas City Royals,Chicago White Sox,6,1,1
2024-07-20,Minnesota Twins,Milwaukee Brewers,4,8,0
2024-07-20,Chicago Cubs,Arizona Diamondbacks,0,3,0
2024-07-20,Los Angeles Dodgers,Boston Red Sox,7,6,1
2024-07-20,Colorado Rockies,San Francisco Giants,4,3,1
2024-07-20,Seattle Mariners,Houston Astros,2,4,0
2024-07-21,Minnesota Twins,Milwaukee Brewers,7,8,0
2024-07-21,Washington Nationals,Cincinnati Reds,5,2,1
2024-07-21,Pittsburgh Pirates,Philadelphia Phillies,0,6,0
2024-07-21,Atlanta Braves,St. Louis Cardinals,2,6,0
2024-07-21,New York Yankees,Tampa Bay Rays,4,6,0
2024-07-21,Toronto Blue Jays,Detroit Tigers,5,4,1
2024-07-21,Cleveland Guardians,San Diego Padres,1,2,0
2024-07-21,Miami Marlins,New York Mets,4,2,1
2024-07-21,Kansas City Royals,Chicago White Sox,4,1,1
2024-07-21,Chicago Cubs,Arizona Diamondbacks,2,1,1
2024-07-21,Texas Rangers,Baltimore Orioles,3,2,1
2024-07-21,Colorado Rockies,San Francisco Giants,2,3,0
2024-07-21,Oakland Athletics,Los Angeles Angels,5,8,0
2024-07-21,Seattle Mariners,Houston Astros,6,4,1
2024-07-21,Los Angeles Dodgers,Boston Red Sox,9,6,1
2024-07-22,New York Yankees,Tampa Bay Rays,9,1,1
2024-07-22,Cleveland Guardians,Detroit Tigers,2,8,0
2024-07-22,Pittsburgh Pirates,St. Louis Cardinals,2,1,1
2024-07-22,Miami Marlins,New York Mets,4,6,0
2024-07-22,Atlanta Braves,Cincinnati Reds,1,4,0
2024-07-22,Minnesota Twins,Philadelphia Phillies,7,2,1
2024-07-22,Texas Rangers,Chicago White Sox,4,3,1
2024-07-22,Chicago Cubs,Milwaukee Brewers,3,1,1
2024-07-22,Kansas City Royals,Arizona Diamondbacks,10,4,1
2024-07-22,Colorado Rockies,Boston Red Sox,9,8,1
2024-07-22,Oakland Athletics,Houston Astros,4,0,1
2024-07-22,Seattle Mariners,Los Angeles Angels,1,3,0
2024-07-22,Los Angeles Dodgers,San Francisco Giants,3,2,1
2024-07-23,Cleveland Guardians,Detroit Tigers,5,4,1
2024-07-23,Pittsburgh Pirates,St. Louis Cardinals,1,2,0
2024-07-23,Miami Marlins,Baltimore Orioles,6,3,1
2024-07-23,Washington Nationals,San Diego Padres,0,4,0
2024-07-23,New York Yankees,New York Mets,2,3,0
2024-07-23,Toronto Blue Jays,Tampa Bay Rays,2,4,0
2024-07-23,Minnesota Twins,Philadelphia Phillies,0,3,0
2024-07-23,Texas Rangers,Chicago White Sox,3,2,1
2024-07-23,Chicago Cubs,Milwaukee Brewers,0,1,0
2024-07-23,Kansas City Royals,Arizona Diamondbacks,2,6,0
2024-07-23,Colorado Rockies,Boston Red Sox,0,6,0
2024-07-23,Oakland Athletics,Houston Astros,8,2,1
2024-07-23,Seattle Mariners,Los Angeles Angels,1,5,0
2024-07-23,Los Angeles Dodgers,San Francisco Giants,5,2,1
2024-07-24,Atlanta Braves,Cincinnati Reds,4,9,0
2024-07-24,Pittsburgh Pirates,St. Louis Cardinals,5,0,1
2024-07-24,Minnesota Twins,Philadelphia Phillies,5,4,1
2024-07-24,Chicago Cubs,Milwaukee Brewers,2,3,0
2024-07-24,Colorado Rockies,Boston Red Sox,20,7,1
2024-07-24,Oakland Athletics,Houston Astros,1,8,0
2024-07-24,Seattle Mariners,Los Angeles Angels,1,2,0
2024-07-24,Cleveland Guardians,Detroit Tigers,2,1,1
2024-07-24,Miami Marlins,Baltimore Orioles,6,3,1
2024-07-24,Washington Nationals,San Diego Padres,3,12,0
2024-07-24,New York Yankees,New York Mets,3,12,0
2024-07-24,Toronto Blue Jays,Tampa Bay Rays,6,3,1
2024-07-24,Texas Rangers,Chicago White Sox,10,2,1
2024-07-24,Kansas City Royals,Arizona Diamondbacks,6,8,0
2024-07-24,Los Angeles Dodgers,San Francisco Giants,3,8,0
2024-07-25,Washington Nationals,San Diego Padres,0,3,0
2024-07-25,Miami Marlins,Baltimore Orioles,6,7,0
2024-07-25,Cleveland Guardians,Detroit Tigers,0,3,0
2024-07-25,Texas Rangers,Chicago White Sox,2,1,1
2024-07-25,Toronto Blue Jays,Tampa Bay Rays,0,13,0
2024-07-25,Los Angeles Dodgers,San Francisco Giants,6,4,1
2024-07-25,New York Mets,Atlanta Braves,3,2,1
2024-07-25,Los Angeles Angels,Oakland Athletics,5,6,0
2024-07-26,Detroit Tigers,Minnesota Twins,3,9,0
2024-07-26,Philadelphia Phillies,Cleveland Guardians,1,3,0
2024-07-26,Tampa Bay Rays,Cincinnati Reds,2,3,0
2024-07-26,Baltimore Orioles,San Diego Padres,4,6,0
2024-07-26,Toronto Blue Jays,Texas Rangers,6,5,1
2024-07-26,New York Mets,Atlanta Braves,8,4,1
2024-07-26,Boston Red Sox,New York Yankees,9,7,1
2024-07-26,Kansas City Royals,Chicago Cubs,6,0,1
2024-07-26,Houston Astros,Los Angeles Dodgers,5,0,1
2024-07-26,Chicago White Sox,Seattle Mariners,0,10,0
2024-07-26,Milwaukee Brewers,Miami Marlins,2,6,0
2024-07-26,St. Louis Cardinals,Washington Nationals,8,10,0
2024-07-26,Los Angeles Angels,Oakland Athletics,4,5,0
2024-07-26,Arizona Diamondbacks,Pittsburgh Pirates,4,3,1
2024-07-26,San Francisco Giants,Colorado Rockies,11,4,1
2024-07-27,Toronto Blue Jays,Texas Rangers,7,3,1
2024-07-27,Baltimore Orioles,San Diego Padres,4,9,0
2024-07-27,Tampa Bay Rays,Cincinnati Reds,4,0,1
2024-07-27,New York Mets,Atlanta Braves,0,4,0
2024-07-27,Philadelphia Phillies,Cleveland Guardians,8,0,1
2024-07-27,Detroit Tigers,Minnesota Twins,7,2,1
2024-07-27,San Francisco Giants,Colorado Rockies,4,1,1
2024-07-27,San Francisco Giants,Colorado Rockies,5,0,1
2024-07-27,Kansas City Royals,Chicago Cubs,4,9,0
2024-07-27,Houston Astros,Los Angeles Dodgers,7,6,1
2024-07-27,Milwaukee Brewers,Miami Marlins,3,7,0
2024-07-27,St. Louis Cardinals,Washington Nationals,3,14,0
2024-07-27,Chicago White Sox,Seattle Mariners,3,6,0
2024-07-27,Boston Red Sox,New York Yankees,8,11,0
2024-07-27,Arizona Diamondbacks,Pittsburgh Pirates,9,5,1
2024-07-27,Los Angeles Angels,Oakland Athletics,1,3,0
2024-07-28,Tampa Bay Rays,Cincinnati Reds,2,1,1
2024-07-28,Baltimore Orioles,San Diego Padres,8,6,1
2024-07-28,Philadelphia Phillies,Cleveland Guardians,3,4,0
2024-07-28,Toronto Blue Jays,Texas Rangers,7,3,1
2024-07-28,Detroit Tigers,Minnesota Twins,0,5,0
2024-07-28,New York Mets,Atlanta Braves,2,9,0
2024-07-28,Kansas City Royals,Chicago Cubs,3,7,0
2024-07-28,Houston Astros,Los Angeles Dodgers,2,6,0
2024-07-28,Chicago White Sox,Seattle Mariners,3,6,0
2024-07-28,Milwaukee Brewers,Miami Marlins,6,2,1
2024-07-28,St. Louis Cardinals,Washington Nationals,4,3,1
2024-07-28,San Francisco Giants,Colorado Rockies,5,4,1
2024-07-28,Los Angeles Angels,Oakland Athletics,8,6,1
2024-07-28,Arizona Diamondbacks,Pittsburgh Pirates,5,6,0
2024-07-28,Boston Red Sox,New York Yankees,2,8,0
2024-07-29,Baltimore Orioles,Toronto Blue Jays,11,5,1
2024-07-29,Baltimore Orioles,Toronto Blue Jays,4,8,0
2024-07-29,Detroit Tigers,Cleveland Guardians,4,8,0
2024-07-29,Philadelphia Phillies,New York Yankees,4,14,0
2024-07-29,Cincinnati Reds,Chicago Cubs,7,1,1
2024-07-29,Boston Red Sox,Seattle Mariners,14,7,1
2024-07-29,New York Mets,Minnesota Twins,15,2,1
2024-07-29,St. Louis Cardinals,Texas Rangers,3,6,0
2024-07-29,Houston Astros,Pittsburgh Pirates,3,5,0
2024-07-29,Chicago White Sox,Kansas City Royals,5,8,0
2024-07-29,Milwaukee Brewers,Atlanta Braves,8,3,1
2024-07-29,Arizona Diamondbacks,Washington Nationals,9,8,1
2024-07-30,Detroit Tigers,Cleveland Guardians,0,5,0
2024-07-30,Baltimore Orioles,Toronto Blue Jays,6,2,1
2024-07-30,Philadelphia Phillies,New York Yankees,6,7,0
2024-07-30,Tampa Bay Rays,Miami Marlins,9,3,1
2024-07-30,Cincinnati Reds,Chicago Cubs,6,3,1
2024-07-30,Boston Red Sox,Seattle Mariners,6,10,0
2024-07-30,New York Mets,Minnesota Twins,2,0,1
2024-07-30,St. Louis Cardinals,Texas Rangers,8,1,1
2024-07-30,Houston Astros,Pittsburgh Pirates,2,6,0
2024-07-30,Chicago White Sox,Kansas City Royals,3,4,0
2024-07-30,Milwaukee Brewers,Atlanta Braves,1,5,0
2024-07-30,Los Angeles Angels,Colorado Rockies,10,7,1
2024-07-30,Arizona Diamondbacks,Washington Nationals,17,0,1
2024-07-30,San Diego Padres,Los Angeles Dodgers,6,5,1
2024-07-30,San Francisco Giants,Oakland Athletics,2,5,0
2024-07-31,Tampa Bay Rays,Miami Marlins,2,6,0
2024-07-31,Baltimore Orioles,Toronto Blue Jays,10,4,1
2024-07-31,Philadelphia Phillies,New York Yankees,5,6,0
2024-07-31,New York Mets,Minnesota Twins,3,8,0
2024-07-31,Chicago White Sox,Kansas City Royals,3,10,0
2024-07-31,Milwaukee Brewers,Atlanta Braves,2,6,0
2024-07-31,St. Louis Cardinals,Texas Rangers,10,1,1
2024-07-31,Arizona Diamondbacks,Washington Nationals,5,4,1
2024-07-31,Boston Red Sox,Seattle Mariners,3,2,1
2024-07-31,Cincinnati Reds,Chicago Cubs,4,13,0
2024-07-31,Houston Astros,Pittsburgh Pirates,5,4,1
2024-07-31,San Diego Padres,Los Angeles Dodgers,8,1,1
2024-07-31,Los Angeles Angels,Colorado Rockies,1,2,0
2024-07-31,San Francisco Giants,Oakland Athletics,1,0,1
2024-08-01,Cleveland Guardians,Baltimore Orioles,10,3,1
2024-08-01,Detroit Tigers,Kansas City Royals,1,7,0
2024-08-01,Atlanta Braves,Miami Marlins,4,2,1
2024-08-01,Chicago Cubs,St. Louis Cardinals,5,4,1
2024-08-01,Los Angeles Angels,Colorado Rockies,4,5,0
2024-08-02,Chicago Cubs,St. Louis Cardinals,6,3,1
2024-08-02,Detroit Tigers,Kansas City Royals,2,9,0
2024-08-02,Pittsburgh Pirates,Arizona Diamondbacks,8,9,0
2024-08-02,Washington Nationals,Milwaukee Brewers,3,8,0
2024-08-02,New York Yankees,Toronto Blue Jays,5,8,0
2024-08-02,Cleveland Guardians,Baltimore Orioles,8,4,1
2024-08-02,Cincinnati Reds,San Francisco Giants,0,3,0
2024-08-02,Atlanta Braves,Miami Marlins,5,3,1
2024-08-02,Texas Rangers,Boston Red Sox,6,11,0
2024-08-02,Houston Astros,Tampa Bay Rays,3,2,1
2024-08-02,Minnesota Twins,Chicago White Sox,10,2,1
2024-08-02,Los Angeles Angels,New York Mets,1,5,0
2024-08-02,Oakland Athletics,Los Angeles Dodgers,6,5,1
2024-08-02,San Diego Padres,Colorado Rockies,2,5,0
2024-08-02,Seattle Mariners,Philadelphia Phillies,10,2,1
2024-08-03,New York Yankees,Toronto Blue Jays,8,3,1
2024-08-03,Chicago Cubs,St. Louis Cardinals,4,5,0
2024-08-03,Washington Nationals,Milwaukee Brewers,6,4,1
2024-08-03,Detroit Tigers,Kansas City Royals,6,5,1
2024-08-03,Pittsburgh Pirates,Arizona Diamondbacks,4,2,1
2024-08-03,Texas Rangers,Boston Red Sox,7,4,1
2024-08-03,Minnesota Twins,Chicago White Sox,6,2,1
2024-08-03,Cleveland Guardians,Baltimore Orioles,4,7,0
2024-08-03,Cincinnati Reds,San Francisco Giants,6,4,1
2024-08-03,Houston Astros,Tampa Bay Rays,1,6,0
2024-08-03,Atlanta Braves,Miami Marlins,3,4,0
2024-08-03,San Diego Padres,Colorado Rockies,3,2,1
2024-08-03,Oakland Athletics,Los Angeles Dodgers,0,10,0
2024-08-03,Los Angeles Angels,New York Mets,5,4,1
2024-08-03,Seattle Mariners,Philadelphia Phillies,6,5,1
2024-08-04,Cincinnati Reds,San Francisco Giants,2,8,0
2024-08-04,Pittsburgh Pirates,Arizona Diamondbacks,5,6,0
2024-08-04,Atlanta Braves,Miami Marlins,0,7,0
2024-08-04,New York Yankees,Toronto Blue Jays,4,3,1
2024-08-04,Washington Nationals,Milwaukee Brewers,4,3,1
2024-08-04,Cleveland Guardians,Baltimore Orioles,5,9,0
2024-08-04,Detroit Tigers,Kansas City Royals,2,3,0
2024-08-04,Houston Astros,Tampa Bay Rays,0,1,0
2024-08-04,Minnesota Twins,Chicago White Sox,13,7,1
2024-08-04,Texas Rangers,Boston Red Sox,2,7,0
2024-08-04,Los Angeles Angels,New York Mets,3,2,1
2024-08-04,Oakland Athletics,Los Angeles Dodgers,2,3,0
2024-08-04,San Diego Padres,Colorado Rockies,10,2,1
2024-08-04,Seattle Mariners,Philadelphia Phillies,0,6,0
2024-08-04,Chicago Cubs,St. Louis Cardinals,6,2,1
2024-08-05,St. Louis Cardinals,New York Mets,0,6,0
2024-08-05,Cleveland Guardians,Arizona Diamondbacks,6,7,0
2024-08-05,Miami Marlins,Cincinnati Reds,3,10,0
2024-08-05,Washington Nationals,San Francisco Giants,1,4,0
2024-08-05,Texas Rangers,Houston Astros,4,3,1
2024-08-05,Chicago Cubs,Minnesota Twins,0,3,0
2024-08-05,Kansas City Royals,Boston Red Sox,5,9,0
2024-08-05,Oakland Athletics,Chicago White Sox,5,1,1
2024-08-05,Los Angeles Dodgers,Philadelphia Phillies,5,3,1
2024-08-06,Pittsburgh Pirates,San Diego Padres,0,6,0
2024-08-06,Miami Marlins,Cincinnati Reds,2,8,0
2024-08-06,Washington Nationals,San Francisco Giants,11,5,1
2024-08-06,Toronto Blue Jays,Baltimore Orioles,5,2,1
2024-08-06,Atlanta Braves,Milwaukee Brewers,0,10,0
2024-08-06,St. Louis Cardinals,Tampa Bay Rays,4,3,1
2024-08-06,Texas Rangers,Houston Astros,2,4,0
2024-08-06,Chicago Cubs,Minnesota Twins,7,3,1
2024-08-06,Kansas City Royals,Boston Red Sox,5,6,0
2024-08-06,Colorado Rockies,New York Mets,6,3,1
2024-08-06,Seattle Mariners,Detroit Tigers,2,4,0
2024-08-06,Oakland Athletics,Chicago White Sox,1,5,0
2024-08-06,Los Angeles Dodgers,Philadelphia Phillies,2,6,0
2024-08-07,Cleveland Guardians,Arizona Diamondbacks,3,7,0
2024-08-07,Cleveland Guardians,Arizona Diamondbacks,3,5,0
2024-08-07,Chicago Cubs,Minnesota Twins,8,2,1
2024-08-07,Texas Rangers,Houston Astros,4,6,0
2024-08-07,Oakland Athletics,Chicago White Sox,3,2,1
2024-08-07,New York Yankees,Los Angeles Angels,5,2,1
2024-08-07,New York Yankees,Los Angeles Angels,2,8,0
2024-08-07,Pittsburgh Pirates,San Diego Padres,8,9,0
2024-08-07,Miami Marlins,Cincinnati Reds,6,4,1
2024-08-07,Washington Nationals,San Francisco Giants,4,7,0
2024-08-07,Toronto Blue Jays,Baltimore Orioles,3,7,0
2024-08-07,Atlanta Braves,Milwaukee Brewers,5,8,0
2024-08-07,St. Louis Cardinals,Tampa Bay Rays,5,2,1
2024-08-07,Kansas City Royals,Boston Red Sox,8,4,1
2024-08-07,Colorado Rockies,New York Mets,3,5,0
2024-08-07,Seattle Mariners,Detroit Tigers,2,6,0
2024-08-07,Los Angeles Dodgers,Philadelphia Phillies,4,9,0
2024-08-08,Washington Nationals,San Francisco Giants,5,9,0
2024-08-08,Atlanta Braves,Milwaukee Brewers,7,16,0
2024-08-08,Pittsburgh Pirates,San Diego Padres,6,7,0
2024-08-08,Colorado Rockies,New York Mets,1,9,0
2024-08-08,Miami Marlins,Cincinnati Reds,4,10,0
2024-08-08,New York Yankees,Los Angeles Angels,4,9,0
2024-08-08,Toronto Blue Jays,Baltimore Orioles,7,6,1
2024-08-08,St. Louis Cardinals,Tampa Bay Rays,4,6,0
2024-08-08,Seattle Mariners,Detroit Tigers,4,3,1
2024-08-08,Arizona Diamondbacks,Philadelphia Phillies,4,6,0
2024-08-09,Minnesota Twins,Cleveland Guardians,4,2,1
2024-08-09,Minnesota Twins,Cleveland Guardians,6,3,1
2024-08-09,Washington Nationals,Los Angeles Angels,3,2,1
2024-08-09,Tampa Bay Rays,Baltimore Orioles,1,4,0
2024-08-09,Toronto Blue Jays,Oakland Athletics,3,1,1
2024-08-09,Boston Red Sox,Houston Astros,4,8,0
2024-08-09,Miami Marlins,San Diego Padres,2,6,0
2024-08-09,Kansas City Royals,St. Louis Cardinals,5,8,0
2024-08-09,Chicago White Sox,Chicago Cubs,6,7,0
2024-08-09,Milwaukee Brewers,Cincinnati Reds,8,3,1
2024-08-09,Colorado Rockies,Atlanta Braves,6,5,1
2024-08-09,Arizona Diamondbacks,Philadelphia Phillies,3,2,1
2024-08-09,Los Angeles Dodgers,Pittsburgh Pirates,9,5,1
2024-08-09,Seattle Mariners,New York Mets,6,0,1
2024-08-09,San Francisco Giants,Detroit Tigers,3,2,1
2024-08-10,New York Yankees,Texas Rangers,8,0,1
2024-08-10,New York Yankees,Texas Rangers,4,9,0
2024-08-10,Toronto Blue Jays,Oakland Athletics,0,1,0
2024-08-10,San Francisco Giants,Detroit Tigers,3,1,1
2024-08-10,Boston Red Sox,Houston Astros,4,5,0
2024-08-10,Miami Marlins,San Diego Padres,8,9,0
2024-08-10,Washington Nationals,Los Angeles Angels,5,4,1
2024-08-10,Kansas City Royals,St. Louis Cardinals,8,3,1
2024-08-10,Minnesota Twins,Cleveland Guardians,1,2,0
2024-08-10,Milwaukee Brewers,Cincinnati Reds,1,0,1
2024-08-10,Tampa Bay Rays,Baltimore Orioles,5,7,0
2024-08-10,Chicago White Sox,Chicago Cubs,1,3,0
2024-08-10,Arizona Diamondbacks,Philadelphia Phillies,11,1,1
2024-08-10,Colorado Rockies,Atlanta Braves,8,11,0
2024-08-10,Los Angeles Dodgers,Pittsburgh Pirates,4,1,1
2024-08-10,Seattle Mariners,New York Mets,4,0,1
2024-08-11,Washington Nationals,Los Angeles Angels,4,6,0
2024-08-11,Boston Red Sox,Houston Astros,2,10,0
2024-08-11,New York Yankees,Texas Rangers,8,7,1
2024-08-11,Toronto Blue Jays,Oakland Athletics,4,8,0
2024-08-11,Tampa Bay Rays,Baltimore Orioles,2,1,1
2024-08-11,Miami Marlins,San Diego Padres,7,6,1
2024-08-11,Minnesota Twins,Cleveland Guardians,3,5,0
2024-08-11,Milwaukee Brewers,Cincinnati Reds,3,4,0
2024-08-11,Colorado Rockies,Atlanta Braves,9,8,1
2024-08-11,San Francisco Giants,Detroit Tigers,4,5,0
2024-08-11,Los Angeles Dodgers,Pittsburgh Pirates,6,5,1
2024-08-11,Arizona Diamondbacks,Philadelphia Phillies,12,5,1
2024-08-11,Seattle Mariners,New York Mets,12,1,1
2024-08-12,Cleveland Guardians,Chicago Cubs,9,8,1
2024-08-12,Cincinnati Reds,St. Louis Cardinals,6,1,1
2024-08-12,Tampa Bay Rays,Houston Astros,1,6,0
2024-08-12,Boston Red Sox,Texas Rangers,5,4,1
2024-08-12,Minnesota Twins,Kansas City Royals,8,3,1
2024-08-12,Chicago White Sox,New York Yankees,12,2,1
2024-08-12,Milwaukee Brewers,Los Angeles Dodgers,2,5,0
2024-08-12,Los Angeles Angels,Toronto Blue Jays,2,4,0
2024-08-12,Arizona Diamondbacks,Colorado Rockies,5,4,1
2024-08-12,San Diego Padres,Pittsburgh Pirates,2,1,1
2024-08-12,San Francisco Giants,Atlanta Braves,0,1,0
2024-08-13,Baltimore Orioles,Washington Nationals,3,9,0
2024-08-13,Cleveland Guardians,Chicago Cubs,2,1,1
2024-08-13,Detroit Tigers,Seattle Mariners,15,1,1
2024-08-13,Cincinnati Reds,St. Louis Cardinals,4,1,1
2024-08-13,Philadelphia Phillies,Miami Marlins,0,5,0
2024-08-13,Tampa Bay Rays,Houston Astros,2,3,0
2024-08-13,New York Mets,Oakland Athletics,4,9,0
2024-08-13,Boston Red Sox,Texas Rangers,9,4,1
2024-08-13,Minnesota Twins,Kansas City Royals,13,3,1
2024-08-13,Chicago White Sox,New York Yankees,1,4,0
2024-08-13,Milwaukee Brewers,Los Angeles Dodgers,2,7,0
2024-08-13,Los Angeles Angels,Toronto Blue Jays,1,6,0
2024-08-13,Arizona Diamondbacks,Colorado Rockies,4,3,1
2024-08-13,San Diego Padres,Pittsburgh Pirates,3,0,1
2024-08-13,San Francisco Giants,Atlanta Braves,3,4,0
2024-08-14,Minnesota Twins,Kansas City Royals,1,4,0
2024-08-14,Arizona Diamondbacks,Colorado Rockies,11,4,1
2024-08-14,San Diego Padres,Pittsburgh Pirates,8,2,1
2024-08-14,Boston Red Sox,Texas Rangers,7,9,0
2024-08-14,Baltimore Orioles,Washington Nationals,4,1,1
2024-08-14,Cleveland Guardians,Chicago Cubs,6,1,1
2024-08-14,Detroit Tigers,Seattle Mariners,3,2,1
2024-08-14,Cincinnati Reds,St. Louis Cardinals,9,2,1
2024-08-14,Philadelphia Phillies,Miami Marlins,9,5,1
2024-08-14,Tampa Bay Rays,Houston Astros,1,2,0
2024-08-14,New York Mets,Oakland Athletics,9,1,1
2024-08-14,Chicago White Sox,New York Yankees,2,10,0
2024-08-14,Milwaukee Brewers,Los Angeles Dodgers,5,4,1
2024-08-14,Los Angeles Angels,Toronto Blue Jays,2,9,0
2024-08-14,San Francisco Giants,Atlanta Braves,2,13,0
2024-08-15,New York Mets,Oakland Athletics,6,7,0
2024-08-15,Detroit Tigers,Seattle Mariners,2,1,1
2024-08-15,Milwaukee Brewers,Los Angeles Dodgers,6,4,1
2024-08-15,San Francisco Giants,Atlanta Braves,6,0,1
2024-08-15,Baltimore Orioles,Boston Red Sox,5,1,1
2024-08-15,Philadelphia Phillies,Washington Nationals,13,3,1
2024-08-15,Texas Rangers,Minnesota Twins,2,3,0
2024-08-16,Chicago Cubs,Toronto Blue Jays,6,5,1
2024-08-16,Cincinnati Reds,Kansas City Royals,1,7,0
2024-08-16,Pittsburgh Pirates,Seattle Mariners,5,3,1
2024-08-16,Philadelphia Phillies,Washington Nationals,3,2,1
2024-08-16,Detroit Tigers,New York Yankees,0,3,0
2024-08-16,Tampa Bay Rays,Arizona Diamondbacks,5,4,1
2024-08-16,Baltimore Orioles,Boston Red Sox,10,12,0
2024-08-16,New York Mets,Miami Marlins,7,3,1
2024-08-16,Texas Rangers,Minnesota Twins,3,4,0
2024-08-16,Houston Astros,Chicago White Sox,4,5,0
2024-08-16,Milwaukee Brewers,Cleveland Guardians,5,3,1
2024-08-16,St. Louis Cardinals,Los Angeles Dodgers,6,7,0
2024-08-16,Colorado Rockies,San Diego Padres,7,3,1
2024-08-16,Los Angeles Angels,Atlanta Braves,3,2,1
2024-08-17,Pittsburgh Pirates,Seattle Mariners,7,2,1
2024-08-17,Detroit Tigers,New York Yankees,4,0,1
2024-08-17,Chicago Cubs,Toronto Blue Jays,3,2,1
2024-08-17,Tampa Bay Rays,Arizona Diamondbacks,6,1,1
2024-08-17,New York Mets,Miami Marlins,4,0,1
2024-08-17,Philadelphia Phillies,Washington Nationals,5,1,1
2024-08-17,Cincinnati Reds,Kansas City Royals,1,13,0
2024-08-17,Baltimore Orioles,Boston Red Sox,1,5,0
2024-08-17,Texas Rangers,Minnesota Twins,2,5,0
2024-08-17,Oakland Athletics,San Francisco Giants,2,0,1
2024-08-17,Houston Astros,Chicago White Sox,6,1,1
2024-08-17,St. Louis Cardinals,Los Angeles Dodgers,5,2,1
2024-08-17,Milwaukee Brewers,Cleveland Guardians,2,1,1
2024-08-17,Colorado Rockies,San Diego Padres,3,8,0
2024-08-17,Los Angeles Angels,Atlanta Braves,3,11,0
2024-08-18,New York Mets,Miami Marlins,2,3,0
2024-08-18,Baltimore Orioles,Boston Red Sox,4,2,1
2024-08-18,Pittsburgh Pirates,Seattle Mariners,3,10,0
2024-08-18,Philadelphia Phillies,Washington Nationals,4,6,0
2024-08-18,Cincinnati Reds,Kansas City Royals,1,8,0
2024-08-18,Tampa Bay Rays,Arizona Diamondbacks,8,7,1
2024-08-18,Houston Astros,Chicago White Sox,2,0,1
2024-08-18,Milwaukee Brewers,Cleveland Guardians,2,0,1
2024-08-18,St. Louis Cardinals,Los Angeles Dodgers,1,2,0
2024-08-18,Chicago Cubs,Toronto Blue Jays,0,1,0
2024-08-18,Texas Rangers,Minnesota Twins,6,5,1
2024-08-18,Colorado Rockies,San Diego Padres,3,2,1
2024-08-18,Oakland Athletics,San Francisco Giants,2,4,0
2024-08-18,Los Angeles Angels,Atlanta Braves,1,3,0
2024-08-18,Detroit Tigers,New York Yankees,3,2,1
2024-08-19,Miami Marlins,Arizona Diamondbacks,6,9,0
2024-08-19,Toronto Blue Jays,Cincinnati Reds,3,6,0
2024-08-19,New York Mets,Baltimore Orioles,4,3,1
2024-08-19,Texas Rangers,Pittsburgh Pirates,4,3,1
2024-08-19,Houston Astros,Boston Red Sox,5,4,1
2024-08-19,Kansas City Royals,Los Angeles Angels,5,3,1
2024-08-19,Oakland Athletics,Tampa Bay Rays,3,0,1
2024-08-19,San Diego Padres,Minnesota Twins,5,3,1
2024-08-19,San Francisco Giants,Chicago White Sox,5,3,1
2024-08-19,Los Angeles Dodgers,Seattle Mariners,3,0,1
2024-08-20,Miami Marlins,Arizona Diamondbacks,1,3,0
2024-08-20,Washington Nationals,Colorado Rockies,1,3,0
2024-08-20,New York Yankees,Cleveland Guardians,5,9,0
2024-08-20,Toronto Blue Jays,Cincinnati Reds,10,3,1
2024-08-20,New York Mets,Baltimore Orioles,5,9,0
2024-08-20,Atlanta Braves,Philadelphia Phillies,3,1,1
2024-08-20,St. Louis Cardinals,Milwaukee Brewers,2,3,0
2024-08-20,Chicago Cubs,Detroit Tigers,3,1,1
2024-08-20,Texas Rangers,Pittsburgh Pirates,0,4,0
2024-08-20,Houston Astros,Boston Red Sox,5,6,0
2024-08-20,Kansas City Royals,Los Angeles Angels,5,9,0
2024-08-20,Oakland Athletics,Tampa Bay Rays,0,1,0
2024-08-20,San Diego Padres,Minnesota Twins,7,5,1
2024-08-20,San Francisco Giants,Chicago White Sox,4,1,1
2024-08-20,Los Angeles Dodgers,Seattle Mariners,6,3,1
2024-08-21,New York Mets,Baltimore Orioles,4,3,1
2024-08-21,Houston Astros,Boston Red Sox,1,4,0
2024-08-21,Texas Rangers,Pittsburgh Pirates,1,0,1
2024-08-21,San Francisco Giants,Chicago White Sox,2,6,0
2024-08-21,San Diego Padres,Minnesota Twins,4,11,0
2024-08-21,Miami Marlins,Arizona Diamondbacks,8,10,0
2024-08-21,Washington Nationals,Colorado Rockies,6,1,1
2024-08-21,New York Yankees,Cleveland Guardians,8,1,1
2024-08-21,Toronto Blue Jays,Cincinnati Reds,7,11,0
2024-08-21,Atlanta Braves,Philadelphia Phillies,2,3,0
2024-08-21,St. Louis Cardinals,Milwaukee Brewers,10,6,1
2024-08-21,Chicago Cubs,Detroit Tigers,2,8,0
2024-08-21,Kansas City Royals,Los Angeles Angels,3,0,1
2024-08-21,Oakland Athletics,Tampa Bay Rays,2,4,0
2024-08-21,Los Angeles Dodgers,Seattle Mariners,8,4,1
2024-08-22,Washington Nationals,Colorado Rockies,8,3,1
2024-08-22,New York Yankees,Cleveland Guardians,6,0,1
2024-08-22,St. Louis Cardinals,Milwaukee Brewers,3,0,1
2024-08-22,Chicago Cubs,Detroit Tigers,10,2,1
2024-08-22,Oakland Athletics,Tampa Bay Rays,3,1,1
2024-08-22,Pittsburgh Pirates,Cincinnati Reds,7,0,1
2024-08-22,Toronto Blue Jays,Los Angeles Angels,5,3,1
2024-08-22,Baltimore Orioles,Houston Astros,0,6,0
2024-08-22,Atlanta Braves,Philadelphia Phillies,3,2,1
2024-08-22,San Diego Padres,New York Mets,3,8,0
2024-08-23,Pittsburgh Pirates,Cincinnati Reds,6,5,1
2024-08-23,Baltimore Orioles,Houston Astros,7,5,1
2024-08-23,New York Yankees,Colorado Rockies,3,0,1
2024-08-23,Toronto Blue Jays,Los Angeles Angels,5,4,1
2024-08-23,Boston Red Sox,Arizona Diamondbacks,2,12,0
2024-08-23,Cleveland Guardians,Texas Rangers,3,5,0
2024-08-23,Miami Marlins,Chicago Cubs,3,6,0
2024-08-23,Atlanta Braves,Washington Nationals,3,2,1
2024-08-23,Minnesota Twins,St. Louis Cardinals,1,6,0
2024-08-23,Kansas City Royals,Philadelphia Phillies,7,4,1
2024-08-23,Chicago White Sox,Detroit Tigers,2,5,0
2024-08-23,San Diego Padres,New York Mets,7,0,1
2024-08-23,Oakland Athletics,Milwaukee Brewers,3,11,0
2024-08-23,Seattle Mariners,San Francisco Giants,6,5,1
2024-08-23,Los Angeles Dodgers,Tampa Bay Rays,7,3,1
2024-08-24,New York Yankees,Colorado Rockies,2,9,0
2024-08-24,Toronto Blue Jays,Los Angeles Angels,3,1,1
2024-08-24,Baltimore Orioles,Houston Astros,3,2,1
2024-08-24,Oakland Athletics,Milwaukee Brewers,5,9,0
2024-08-24,Boston Red Sox,Arizona Diamondbacks,1,4,0
2024-08-24,Seattle Mariners,San Francisco Giants,3,4,0
2024-08-24,Miami Marlins,Chicago Cubs,2,14,0
2024-08-24,Pittsburgh Pirates,Cincinnati Reds,2,10,0
2024-08-24,Cleveland Guardians,Texas Rangers,13,5,1
2024-08-24,Minnesota Twins,St. Louis Cardinals,6,0,1
2024-08-24,Kansas City Royals,Philadelphia Phillies,2,11,0
2024-08-24,Chicago White Sox,Detroit Tigers,4,13,0
2024-08-24,Atlanta Braves,Washington Nationals,4,2,1
2024-08-24,San Diego Padres,New York Mets,1,7,0
2024-08-24,Los Angeles Dodgers,Tampa Bay Rays,8,9,0
2024-08-25,Atlanta Braves,Washington Nationals,1,5,0
2024-08-25,Boston Red Sox,Arizona Diamondbacks,5,7,0
2024-08-25,Pittsburgh Pirates,Cincinnati Reds,4,3,1
2024-08-25,New York Yankees,Colorado Rockies,10,3,1
2024-08-25,Toronto Blue Jays,Los Angeles Angels,8,2,1
2024-08-25,Cleveland Guardians,Texas Rangers,4,2,1
2024-08-25,Miami Marlins,Chicago Cubs,7,2,1
2024-08-25,Minnesota Twins,St. Louis Cardinals,2,3,0
2024-08-25,Kansas City Royals,Philadelphia Phillies,3,11,0
2024-08-25,Chicago White Sox,Detroit Tigers,4,9,0
2024-08-25,Oakland Athletics,Milwaukee Brewers,4,3,1
2024-08-25,San Diego Padres,New York Mets,3,2,1
2024-08-25,Seattle Mariners,San Francisco Giants,4,3,1
2024-08-25,Los Angeles Dodgers,Tampa Bay Rays,3,1,1
2024-08-25,Baltimore Orioles,Houston Astros,3,6,0
2024-08-26,Cleveland Guardians,Kansas City Royals,3,4,0
2024-08-26,Cleveland Guardians,Kansas City Royals,4,9,0
2024-08-26,Boston Red Sox,Toronto Blue Jays,1,4,0
2024-08-26,Pittsburgh Pirates,Chicago Cubs,8,18,0
2024-08-26,Philadelphia Phillies,Houston Astros,3,2,1
2024-08-26,Washington Nationals,New York Yankees,2,5,0
2024-08-26,Boston Red Sox,Toronto Blue Jays,3,7,0
2024-08-26,Minnesota Twins,Atlanta Braves,6,10,0
2024-08-26,St. Louis Cardinals,San Diego Padres,4,7,0
2024-08-26,Chicago White Sox,Detroit Tigers,3,6,0
2024-08-26,Colorado Rockies,Miami Marlins,3,2,1
2024-08-26,Seattle Mariners,Tampa Bay Rays,5,1,1
2024-08-27,Detroit Tigers,Los Angeles Angels,6,2,1
2024-08-27,Cleveland Guardians,Kansas City Royals,1,6,0
2024-08-27,Cincinnati Reds,Oakland Athletics,4,5,0
2024-08-27,Pittsburgh Pirates,Chicago Cubs,5,9,0
2024-08-27,Philadelphia Phillies,Houston Astros,5,0,1
2024-08-27,Washington Nationals,New York Yankees,4,2,1
2024-08-27,Boston Red Sox,Toronto Blue Jays,6,3,1
2024-08-27,Minnesota Twins,Atlanta Braves,6,8,0
2024-08-27,St. Louis Cardinals,San Diego Padres,5,7,0
2024-08-27,Chicago White Sox,Texas Rangers,1,3,0
2024-08-27,Milwaukee Brewers,San Francisco Giants,4,5,0
2024-08-27,Colorado Rockies,Miami Marlins,8,9,0
2024-08-27,Arizona Diamondbacks,New York Mets,3,8,0
2024-08-27,Seattle Mariners,Tampa Bay Rays,2,3,0
2024-08-27,Los Angeles Dodgers,Baltimore Orioles,2,3,0
2024-08-28,Pittsburgh Pirates,Chicago Cubs,10,14,0
2024-08-28,Cleveland Guardians,Kansas City Royals,7,5,1
2024-08-28,Philadelphia Phillies,Houston Astros,0,10,0
2024-08-28,Seattle Mariners,Tampa Bay Rays,6,2,1
2024-08-28,Chicago White Sox,Texas Rangers,1,3,0
2024-08-28,Detroit Tigers,Los Angeles Angels,3,2,1
2024-08-28,Cincinnati Reds,Oakland Athletics,6,9,0
2024-08-28,Washington Nationals,New York Yankees,5,2,1
2024-08-28,Boston Red Sox,Toronto Blue Jays,3,0,1
2024-08-28,Minnesota Twins,Atlanta Braves,1,5,0
2024-08-28,St. Louis Cardinals,San Diego Padres,4,3,1
2024-08-28,Chicago White Sox,Texas Rangers,3,4,0
2024-08-28,Milwaukee Brewers,San Francisco Giants,5,3,1
2024-08-28,Colorado Rockies,Miami Marlins,8,2,1
2024-08-28,Arizona Diamondbacks,New York Mets,8,5,1
2024-08-28,Los Angeles Dodgers,Baltimore Orioles,6,4,1
2024-08-29,Detroit Tigers,Los Angeles Angels,0,3,0
2024-08-29,Chicago White Sox,Texas Rangers,1,2,0
2024-08-29,Milwaukee Brewers,San Francisco Giants,6,0,1
2024-08-29,St. Louis Cardinals,San Diego Padres,4,1,1
2024-08-29,Colorado Rockies,Miami Marlins,8,12,0
2024-08-29,Arizona Diamondbacks,New York Mets,2,3,0
2024-08-29,Cincinnati Reds,Oakland Athletics,10,9,1
2024-08-29,Philadelphia Phillies,Atlanta Braves,5,4,1
2024-08-29,Boston Red Sox,Toronto Blue Jays,0,2,0
2024-08-29,Houston Astros,Kansas City Royals,6,3,1
2024-08-29,Los Angeles Dodgers,Baltimore Orioles,6,3,1
2024-08-30,Cincinnati Reds,Milwaukee Brewers,4,5,0
2024-08-30,Cincinnati Reds,Milwaukee Brewers,0,14,0
2024-08-30,Detroit Tigers,Boston Red Sox,5,7,0
2024-08-30,Philadelphia Phillies,Atlanta Braves,2,7,0
2024-08-30,Washington Nationals,Chicago Cubs,6,7,0
2024-08-30,Tampa Bay Rays,San Diego Padres,5,13,0
2024-08-30,New York Yankees,St. Louis Cardinals,6,3,1
2024-08-30,Cleveland Guardians,Pittsburgh Pirates,10,8,1
2024-08-30,Texas Rangers,Oakland Athletics,2,9,0
2024-08-30,Houston Astros,Kansas City Royals,3,2,1
2024-08-30,Minnesota Twins,Toronto Blue Jays,2,0,1
2024-08-30,Chicago White Sox,New York Mets,1,5,0
2024-08-30,Colorado Rockies,Baltimore Orioles,3,5,0
2024-08-30,Los Angeles Angels,Seattle Mariners,5,9,0
2024-08-30,Arizona Diamondbacks,Los Angeles Dodgers,9,10,0
2024-08-30,San Francisco Giants,Miami Marlins,3,1,1
2024-08-31,New York Yankees,St. Louis Cardinals,5,6,0
2024-08-31,Washington Nationals,Chicago Cubs,3,5,0
2024-08-31,Tampa Bay Rays,San Diego Padres,11,4,1
2024-08-31,Detroit Tigers,Boston Red Sox,2,1,1
2024-08-31,Cleveland Guardians,Pittsburgh Pirates,0,3,0
2024-08-31,Texas Rangers,Oakland Athletics,3,2,1
2024-08-31,Houston Astros,Kansas City Royals,5,2,1
2024-08-31,Minnesota Twins,Toronto Blue Jays,0,15,0
2024-08-31,Chicago White Sox,New York Mets,3,5,0
2024-08-31,Philadelphia Phillies,Atlanta Braves,3,0,1
2024-08-31,Cincinnati Reds,Milwaukee Brewers,4,5,0
2024-08-31,Colorado Rockies,Baltimore Orioles,7,5,1
2024-08-31,Arizona Diamondbacks,Los Angeles Dodgers,6,8,0
2024-08-31,San Francisco Giants,Miami Marlins,3,4,0
2024-08-31,Los Angeles Angels,Seattle Mariners,5,4,1
2024-09-01,Cincinnati Reds,Milwaukee Brewers,4,3,1
2024-09-01,Washington Nationals,Chicago Cubs,1,14,0
2024-09-01,New York Yankees,St. Louis Cardinals,7,14,0
2024-09-01,Detroit Tigers,Boston Red Sox,4,1,1
2024-09-01,Cleveland Guardians,Pittsburgh Pirates,6,1,1
2024-09-01,Tampa Bay Rays,San Diego Padres,3,4,0
2024-09-01,Houston Astros,Kansas City Royals,7,2,1
2024-09-01,Minnesota Twins,Toronto Blue Jays,4,3,1
2024-09-01,Chicago White Sox,New York Mets,0,2,0
2024-09-01,Texas Rangers,Oakland Athletics,6,4,1
2024-09-01,Colorado Rockies,Baltimore Orioles,1,6,0
2024-09-01,San Francisco Giants,Miami Marlins,5,7,0
2024-09-01,Los Angeles Angels,Seattle Mariners,3,2,1
2024-09-01,Arizona Diamondbacks,Los Angeles Dodgers,14,3,1
2024-09-01,Philadelphia Phillies,Atlanta Braves,3,2,1
2024-09-02,Milwaukee Brewers,St. Louis Cardinals,9,3,1
2024-09-02,Baltimore Orioles,Chicago White Sox,13,3,1
2024-09-02,Cincinnati Reds,Houston Astros,5,3,1
2024-09-02,Kansas City Royals,Cleveland Guardians,2,4,0
2024-09-02,Arizona Diamondbacks,Los Angeles Dodgers,6,11,0
2024-09-02,San Diego Padres,Detroit Tigers,3,0,1
2024-09-02,Tampa Bay Rays,Minnesota Twins,4,5,0
2024-09-02,Oakland Athletics,Seattle Mariners,5,4,1
2024-09-02,New York Mets,Boston Red Sox,4,1,1
2024-09-02,Chicago Cubs,Pittsburgh Pirates,3,5,0
2024-09-02,Texas Rangers,New York Yankees,4,8,0
2024-09-03,Baltimore Orioles,Chicago White Sox,9,0,1
2024-09-03,Miami Marlins,Washington Nationals,2,6,0
2024-09-03,Tampa Bay Rays,Minnesota Twins,2,1,1
2024-09-03,Toronto Blue Jays,Philadelphia Phillies,9,10,0
2024-09-03,New York Mets,Boston Red Sox,7,2,1
2024-09-03,Atlanta Braves,Colorado Rockies,3,0,1
2024-09-03,Kansas City Royals,Cleveland Guardians,1,7,0
2024-09-03,Chicago Cubs,Pittsburgh Pirates,0,5,0
2024-09-03,Milwaukee Brewers,St. Louis Cardinals,4,7,0
2024-09-03,Texas Rangers,New York Yankees,7,4,1
2024-09-03,Los Angeles Angels,Los Angeles Dodgers,2,6,0
2024-09-03,Oakland Athletics,Seattle Mariners,3,2,1
2024-09-03,San Francisco Giants,Arizona Diamondbacks,7,8,0
2024-09-04,Toronto Blue Jays,Philadelphia Phillies,2,4,0
2024-09-04,Baltimore Orioles,Chicago White Sox,1,8,0
2024-09-04,Cincinnati Reds,Houston Astros,12,5,1
2024-09-04,Miami Marlins,Washington Nationals,4,3,1
2024-09-04,Tampa Bay Rays,Minnesota Twins,9,4,1
2024-09-04,New York Mets,Boston Red Sox,8,3,1
2024-09-04,Atlanta Braves,Colorado Rockies,5,2,1
2024-09-04,Kansas City Royals,Cleveland Guardians,4,1,1
2024-09-04,Chicago Cubs,Pittsburgh Pirates,12,0,1
2024-09-04,Milwaukee Brewers,St. Louis Cardinals,2,3,0
2024-09-04,Texas Rangers,New York Yankees,10,6,1
2024-09-04,Los Angeles Angels,Los Angeles Dodgers,10,1,1
2024-09-04,San Diego Padres,Detroit Tigers,6,5,1
2024-09-04,Oakland Athletics,Seattle Mariners,3,16,0
2024-09-04,San Francisco Giants,Arizona Diamondbacks,4,6,0
2024-09-05,Cincinnati Reds,Houston Astros,1,0,1
2024-09-05,Tampa Bay Rays,Minnesota Twins,3,4,0
2024-09-05,Oakland Athletics,Seattle Mariners,4,6,0
2024-09-05,San Francisco Giants,Arizona Diamondbacks,3,2,1
2024-09-05,Pittsburgh Pirates,Washington Nationals,9,4,1
2024-09-05,Miami Marlins,Philadelphia Phillies,2,5,0
2024-09-05,Atlanta Braves,Colorado Rockies,1,3,0
2024-09-05,Texas Rangers,Los Angeles Angels,3,1,1
2024-09-05,San Diego Padres,Detroit Tigers,3,4,0
2024-09-06,Chicago Cubs,New York Yankees,0,3,0
2024-09-06,Milwaukee Brewers,Colorado Rockies,2,3,0
2024-09-06,Baltimore Orioles,Tampa Bay Rays,2,0,1
2024-09-06,New York Mets,Cincinnati Reds,6,4,1
2024-09-06,Boston Red Sox,Chicago White Sox,3,1,1
2024-09-06,Miami Marlins,Philadelphia Phillies,2,16,0
2024-09-06,Atlanta Braves,Toronto Blue Jays,3,1,1
2024-09-06,Texas Rangers,Los Angeles Angels,1,5,0
2024-09-06,Houston Astros,Arizona Diamondbacks,8,0,1
2024-09-06,Kansas City Royals,Minnesota Twins,5,0,1
2024-09-06,St. Louis Cardinals,Seattle Mariners,1,6,0
2024-09-06,Oakland Athletics,Detroit Tigers,7,6,1
2024-09-06,San Diego Padres,San Francisco Giants,5,1,1
2024-09-06,Los Angeles Dodgers,Cleveland Guardians,1,3,0
2024-09-07,Pittsburgh Pirates,Washington Nationals,3,5,0
2024-09-07,Pittsburgh Pirates,Washington Nationals,6,8,0
2024-09-07,Chicago Cubs,New York Yankees,0,2,0
2024-09-07,Baltimore Orioles,Tampa Bay Rays,1,7,0
2024-09-07,Oakland Athletics,Detroit Tigers,1,2,0
2024-09-07,Houston Astros,Arizona Diamondbacks,11,5,1
2024-09-07,New York Mets,Cincinnati Reds,4,0,1
2024-09-07,Miami Marlins,Philadelphia Phillies,9,5,1
2024-09-07,Texas Rangers,Los Angeles Angels,6,4,1
2024-09-07,Milwaukee Brewers,Colorado Rockies,5,2,1
2024-09-07,St. Louis Cardinals,Seattle Mariners,2,0,1
2024-09-07,Kansas City Royals,Minnesota Twins,4,2,1
2024-09-07,Boston Red Sox,Chicago White Sox,7,5,1
2024-09-07,Atlanta Braves,Toronto Blue Jays,5,9,0
2024-09-07,San Diego Padres,San Francisco Giants,3,6,0
2024-09-07,Los Angeles Dodgers,Cleveland Guardians,7,2,1
2024-09-08,Baltimore Orioles,Tampa Bay Rays,0,2,0
2024-09-08,Pittsburgh Pirates,Washington Nationals,7,3,1
2024-09-08,Atlanta Braves,Toronto Blue Jays,4,3,1
2024-09-08,Boston Red Sox,Chicago White Sox,2,7,0
2024-09-08,New York Mets,Cincinnati Reds,1,3,0
2024-09-08,Miami Marlins,Philadelphia Phillies,10,1,1
2024-09-08,Kansas City Royals,Minnesota Twins,2,0,1
2024-09-08,Milwaukee Brewers,Colorado Rockies,1,4,0
2024-09-08,St. Louis Cardinals,Seattle Mariners,4,10,0
2024-09-08,Chicago Cubs,New York Yankees,2,1,1
2024-09-08,Texas Rangers,Los Angeles Angels,7,4,1
2024-09-08,Oakland Athletics,Detroit Tigers,1,9,0
2024-09-08,Los Angeles Dodgers,Cleveland Guardians,4,0,1
2024-09-08,San Diego Padres,San Francisco Giants,6,7,0
2024-09-08,Houston Astros,Arizona Diamondbacks,6,12,0
2024-09-09,Philadelphia Phillies,Tampa Bay Rays,2,1,1
2024-09-09,Atlanta Braves,Cincinnati Reds,0,1,0
2024-09-09,Pittsburgh Pirates,Miami Marlins,3,2,1
2024-09-09,New York Yankees,Kansas City Royals,10,4,1
2024-09-09,Toronto Blue Jays,New York Mets,2,3,0
2024-09-09,Boston Red Sox,Baltimore Orioles,12,3,1
2024-09-09,Minnesota Twins,Los Angeles Angels,2,6,0
2024-09-09,Chicago White Sox,Cleveland Guardians,3,5,0
2024-09-09,Los Angeles Dodgers,Chicago Cubs,4,10,0
2024-09-10,Detroit Tigers,Colorado Rockies,11,0,1
2024-09-10,Philadelphia Phillies,Tampa Bay Rays,9,4,1
2024-09-10,Pittsburgh Pirates,Miami Marlins,6,4,1
2024-09-10,Washington Nationals,Atlanta Braves,0,12,0
2024-09-10,New York Yankees,Kansas City Royals,0,5,0
2024-09-10,Toronto Blue Jays,New York Mets,6,2,1
2024-09-10,Boston Red Sox,Baltimore Orioles,3,5,0
2024-09-10,Minnesota Twins,Los Angeles Angels,10,5,1
2024-09-10,Chicago White Sox,Cleveland Guardians,0,5,0
2024-09-10,St. Louis Cardinals,Cincinnati Reds,0,3,0
2024-09-10,Houston Astros,Oakland Athletics,3,4,0
2024-09-10,Seattle Mariners,San Diego Padres,3,7,0
2024-09-10,Arizona Diamondbacks,Texas Rangers,6,0,1
2024-09-10,San Francisco Giants,Milwaukee Brewers,2,3,0
2024-09-10,Los Angeles Dodgers,Chicago Cubs,3,6,0
2024-09-11,Pittsburgh Pirates,Miami Marlins,3,1,1
2024-09-11,Chicago White Sox,Cleveland Guardians,4,6,0
2024-09-11,Toronto Blue Jays,New York Mets,2,6,0
2024-09-11,Arizona Diamondbacks,Texas Rangers,14,4,1
2024-09-11,Detroit Tigers,Colorado Rockies,7,4,1
2024-09-11,Philadelphia Phillies,Tampa Bay Rays,3,2,1
2024-09-11,Washington Nationals,Atlanta Braves,5,1,1
2024-09-11,New York Yankees,Kansas City Royals,4,3,1
2024-09-11,Boston Red Sox,Baltimore Orioles,5,3,1
2024-09-11,Minnesota Twins,Los Angeles Angels,6,4,1
2024-09-11,St. Louis Cardinals,Cincinnati Reds,2,1,1
2024-09-11,Houston Astros,Oakland Athletics,4,5,0
2024-09-11,Seattle Mariners,San Diego Padres,5,2,1
2024-09-11,San Francisco Giants,Milwaukee Brewers,13,2,1
2024-09-11,Los Angeles Dodgers,Chicago Cubs,10,8,1
2024-09-12,Detroit Tigers,Colorado Rockies,2,4,0
2024-09-12,St. Louis Cardinals,Cincinnati Reds,6,1,1
2024-09-12,Houston Astros,Oakland Athletics,6,3,1
2024-09-12,Washington Nationals,Miami Marlins,3,6,0
2024-09-12,Cleveland Guardians,Tampa Bay Rays,2,5,0
2024-09-12,New York Yankees,Boston Red Sox,2,1,1
2024-09-12,Seattle Mariners,Texas Rangers,4,5,0
2024-09-12,San Francisco Giants,Milwaukee Brewers,0,3,0
2024-09-13,Detroit Tigers,Baltimore Orioles,1,0,1
2024-09-13,Pittsburgh Pirates,Kansas City Royals,3,8,0
2024-09-13,Philadelphia Phillies,New York Mets,3,11,0
2024-09-13,Washington Nationals,Miami Marlins,4,1,1
2024-09-13,New York Yankees,Boston Red Sox,5,4,1
2024-09-13,Toronto Blue Jays,St. Louis Cardinals,4,3,1
2024-09-13,Cleveland Guardians,Tampa Bay Rays,1,3,0
2024-09-13,Atlanta Braves,Los Angeles Dodgers,6,2,1
2024-09-13,Chicago White Sox,Oakland Athletics,0,2,0
2024-09-13,Minnesota Twins,Cincinnati Reds,4,8,0
2024-09-13,Colorado Rockies,Chicago Cubs,9,5,1
2024-09-13,Los Angeles Angels,Houston Astros,3,5,0
2024-09-13,Arizona Diamondbacks,Milwaukee Brewers,1,2,0
2024-09-13,Seattle Mariners,Texas Rangers,5,4,1
2024-09-13,San Francisco Giants,San Diego Padres,0,5,0
2024-09-14,Pittsburgh Pirates,Kansas City Royals,1,5,0
2024-09-14,New York Yankees,Boston Red Sox,1,7,0
2024-09-14,Toronto Blue Jays,St. Louis Cardinals,7,2,1
2024-09-14,Philadelphia Phillies,New York Mets,6,4,1
2024-09-14,Washington Nationals,Miami Marlins,4,1,1
2024-09-14,Detroit Tigers,Baltimore Orioles,2,4,0
2024-09-14,Cleveland Guardians,Tampa Bay Rays,6,1,1
2024-09-14,Minnesota Twins,Cincinnati Reds,1,11,0
2024-09-14,Chicago White Sox,Oakland Athletics,7,6,1
2024-09-14,Atlanta Braves,Los Angeles Dodgers,10,1,1
2024-09-14,Colorado Rockies,Chicago Cubs,6,5,1
2024-09-14,Arizona Diamondbacks,Milwaukee Brewers,8,15,0
2024-09-14,San Francisco Giants,San Diego Padres,0,8,0
2024-09-14,Los Angeles Angels,Houston Astros,3,5,0
2024-09-14,Seattle Mariners,Texas Rangers,5,4,1
2024-09-15,Detroit Tigers,Baltimore Orioles,4,2,1
2024-09-15,Minnesota Twins,Cincinnati Reds,9,2,1
2024-09-15,Pittsburgh Pirates,Kansas City Royals,4,3,1
2024-09-15,Philadelphia Phillies,New York Mets,2,1,1
2024-09-15,Washington Nationals,Miami Marlins,4,3,1
2024-09-15,New York Yankees,Boston Red Sox,5,2,1
2024-09-15,Toronto Blue Jays,St. Louis Cardinals,3,2,1
2024-09-15,Cleveland Guardians,Tampa Bay Rays,2,0,1
2024-09-15,Chicago White Sox,Oakland Athletics,4,3,1
2024-09-15,Colorado Rockies,Chicago Cubs,2,6,0
2024-09-15,San Francisco Giants,San Diego Padres,3,4,0
2024-09-15,Los Angeles Angels,Houston Astros,4,6,0
2024-09-15,Seattle Mariners,Texas Rangers,7,0,1
2024-09-15,Arizona Diamondbacks,Milwaukee Brewers,11,10,1
2024-09-15,Atlanta Braves,Los Angeles Dodgers,2,9,0
2024-09-16,Cleveland Guardians,Minnesota Twins,4,3,1
2024-09-16,New York Mets,Washington Nationals,2,1,1
2024-09-16,Atlanta Braves,Los Angeles Dodgers,0,9,0
2024-09-16,Kansas City Royals,Detroit Tigers,6,7,0
2024-09-16,Chicago Cubs,Oakland Athletics,9,2,1
2024-09-16,Milwaukee Brewers,Philadelphia Phillies,6,2,1
2024-09-16,St. Louis Cardinals,Pittsburgh Pirates,4,0,1
2024-09-16,Colorado Rockies,Arizona Diamondbacks,3,2,1
2024-09-16,Los Angeles Angels,Chicago White Sox,4,8,0
2024-09-16,San Diego Padres,Houston Astros,3,1,1
2024-09-17,Baltimore Orioles,San Francisco Giants,0,10,0
2024-09-17,Cleveland Guardians,Minnesota Twins,1,4,0
2024-09-17,Cincinnati Reds,Atlanta Braves,6,5,1
2024-09-17,Miami Marlins,Los Angeles Dodgers,11,9,1
2024-09-17,Tampa Bay Rays,Boston Red Sox,8,3,1
2024-09-17,New York Mets,Washington Nationals,10,1,1
2024-09-17,Kansas City Royals,Detroit Tigers,1,3,0
2024-09-17,Chicago Cubs,Oakland Athletics,3,4,0
2024-09-17,Milwaukee Brewers,Philadelphia Phillies,1,5,0
2024-09-17,St. Louis Cardinals,Pittsburgh Pirates,3,1,1
2024-09-17,Texas Rangers,Toronto Blue Jays,13,8,1
2024-09-17,Colorado Rockies,Arizona Diamondbacks,8,2,1
2024-09-17,Los Angeles Angels,Chicago White Sox,5,0,1
2024-09-17,San Diego Padres,Houston Astros,3,4,0
2024-09-17,Seattle Mariners,New York Yankees,2,11,0
2024-09-18,Chicago Cubs,Oakland Athletics,3,5,0
2024-09-18,Colorado Rockies,Arizona Diamondbacks,4,9,0
2024-09-18,Los Angeles Angels,Chicago White Sox,4,3,1
2024-09-18,Baltimore Orioles,San Francisco Giants,3,5,0
2024-09-18,San Diego Padres,Houston Astros,4,0,1
2024-09-18,Cleveland Guardians,Minnesota Twins,5,4,1
2024-09-18,Cincinnati Reds,Atlanta Braves,1,7,0
2024-09-18,Miami Marlins,Los Angeles Dodgers,4,8,0
2024-09-18,Tampa Bay Rays,Boston Red Sox,1,2,0
2024-09-18,New York Mets,Washington Nationals,10,0,1
2024-09-18,Kansas City Royals,Detroit Tigers,2,4,0
2024-09-18,Milwaukee Brewers,Philadelphia Phillies,2,1,1
2024-09-18,St. Louis Cardinals,Pittsburgh Pirates,10,5,1
2024-09-18,Texas Rangers,Toronto Blue Jays,2,0,1
2024-09-18,Seattle Mariners,New York Yankees,1,2,0
2024-09-19,Baltimore Orioles,San Francisco Giants,5,3,1
2024-09-19,Cleveland Guardians,Minnesota Twins,3,2,1
2024-09-19,Cincinnati Reds,Atlanta Braves,3,15,0
2024-09-19,Texas Rangers,Toronto Blue Jays,0,4,0
2024-09-19,Seattle Mariners,New York Yankees,3,2,1
2024-09-19,Miami Marlins,Los Angeles Dodgers,4,20,0
2024-09-19,Tampa Bay Rays,Boston Red Sox,2,0,1
2024-09-19,St. Louis Cardinals,Pittsburgh Pirates,2,3,0
2024-09-19,New York Mets,Philadelphia Phillies,10,6,1
2024-09-19,Milwaukee Brewers,Arizona Diamondbacks,1,5,0
2024-09-19,Chicago Cubs,Washington Nationals,7,6,1
2024-09-19,Houston Astros,Los Angeles Angels,3,1,1
2024-09-20,Chicago Cubs,Washington Nationals,3,1,1
2024-09-20,Cincinnati Reds,Pittsburgh Pirates,8,3,1
2024-09-20,Tampa Bay Rays,Toronto Blue Jays,1,0,1
2024-09-20,Baltimore Orioles,Detroit Tigers,7,1,1
2024-09-20,Boston Red Sox,Minnesota Twins,2,4,0
2024-09-20,New York Mets,Philadelphia Phillies,2,12,0
2024-09-20,Miami Marlins,Atlanta Braves,4,3,1
2024-09-20,Texas Rangers,Seattle Mariners,2,8,0
2024-09-20,Houston Astros,Los Angeles Angels,9,7,1
2024-09-20,Kansas City Royals,San Francisco Giants,1,2,0
2024-09-20,Milwaukee Brewers,Arizona Diamondbacks,4,7,0
2024-09-20,St. Louis Cardinals,Cleveland Guardians,1,5,0
2024-09-20,San Diego Padres,Chicago White Sox,3,2,1
2024-09-20,Oakland Athletics,New York Yankees,2,4,0
2024-09-20,Los Angeles Dodgers,Colorado Rockies,6,4,1
2024-09-21,Cincinnati Reds,Pittsburgh Pirates,7,1,1
2024-09-21,Chicago Cubs,Washington Nationals,1,5,0
2024-09-21,Baltimore Orioles,Detroit Tigers,4,6,0
2024-09-21,Tampa Bay Rays,Toronto Blue Jays,3,2,1
2024-09-21,New York Mets,Philadelphia Phillies,6,3,1
2024-09-21,Miami Marlins,Atlanta Braves,2,6,0
2024-09-21,Kansas City Royals,San Francisco Giants,0,9,0
2024-09-21,Texas Rangers,Seattle Mariners,4,8,0
2024-09-21,Houston Astros,Los Angeles Angels,10,4,1
2024-09-21,Milwaukee Brewers,Arizona Diamondbacks,0,5,0
2024-09-21,St. Louis Cardinals,Cleveland Guardians,6,5,1
2024-09-21,San Diego Padres,Chicago White Sox,6,2,1
2024-09-21,Oakland Athletics,New York Yankees,0,10,0
2024-09-21,Los Angeles Dodgers,Colorado Rockies,3,6,0
2024-09-22,Boston Red Sox,Minnesota Twins,8,1,1
2024-09-22,Boston Red Sox,Minnesota Twins,9,3,1
2024-09-22,Cincinnati Reds,Pittsburgh Pirates,0,2,0
2024-09-22,Baltimore Orioles,Detroit Tigers,3,4,0
2024-09-22,Tampa Bay Rays,Toronto Blue Jays,4,3,1
2024-09-22,Miami Marlins,Atlanta Braves,4,5,0
2024-09-22,Houston Astros,Los Angeles Angels,8,9,0
2024-09-22,Kansas City Royals,San Francisco Giants,0,2,0
2024-09-22,Milwaukee Brewers,Arizona Diamondbacks,10,9,1
2024-09-22,St. Louis Cardinals,Cleveland Guardians,2,1,1
2024-09-22,Chicago Cubs,Washington Nationals,5,0,1
2024-09-22,Texas Rangers,Seattle Mariners,6,5,1
2024-09-22,Oakland Athletics,New York Yankees,4,7,0
2024-09-22,Los Angeles Dodgers,Colorado Rockies,6,5,1
2024-09-22,San Diego Padres,Chicago White Sox,4,2,1
2024-09-22,New York Mets,Philadelphia Phillies,2,1,1
2024-09-23,Philadelphia Phillies,Chicago Cubs,6,2,1
2024-09-23,Toronto Blue Jays,Boston Red Sox,1,4,0
2024-09-23,Houston Astros,Seattle Mariners,1,6,0
2024-09-23,Arizona Diamondbacks,San Francisco Giants,3,6,0
2024-09-24,Detroit Tigers,Tampa Bay Rays,2,1,1
2024-09-24,Cleveland Guardians,Cincinnati Reds,6,1,1
2024-09-24,Philadelphia Phillies,Chicago Cubs,4,10,0
2024-09-24,Pittsburgh Pirates,Milwaukee Brewers,2,7,0
2024-09-24,Washington Nationals,Kansas City Royals,0,1,0
2024-09-24,New York Yankees,Baltimore Orioles,3,5,0
2024-09-24,Toronto Blue Jays,Boston Red Sox,5,6,0
2024-09-24,Atlanta Braves,New York Mets,5,1,1
2024-09-24,Chicago White Sox,Los Angeles Angels,3,2,1
2024-09-24,Minnesota Twins,Miami Marlins,1,4,0
2024-09-24,Houston Astros,Seattle Mariners,4,3,1
2024-09-24,Colorado Rockies,St. Louis Cardinals,3,7,0
2024-09-24,Arizona Diamondbacks,San Francisco Giants,0,11,0
2024-09-24,Oakland Athletics,Texas Rangers,5,4,1
2024-09-24,Los Angeles Dodgers,San Diego Padres,2,4,0
2024-09-25,Houston Astros,Seattle Mariners,1,8,0
2024-09-25,Philadelphia Phillies,Chicago Cubs,9,6,1
2024-09-25,Cleveland Guardians,Cincinnati Reds,5,2,1
2024-09-25,Detroit Tigers,Tampa Bay Rays,7,1,1
2024-09-25,Pittsburgh Pirates,Milwaukee Brewers,2,1,1
2024-09-25,Washington Nationals,Kansas City Royals,0,3,0
2024-09-25,New York Yankees,Baltimore Orioles,7,9,0
2024-09-25,Toronto Blue Jays,Boston Red Sox,6,1,1
2024-09-25,Chicago White Sox,Los Angeles Angels,4,3,1
2024-09-25,Minnesota Twins,Miami Marlins,8,3,1
2024-09-25,Colorado Rockies,St. Louis Cardinals,2,5,0
2024-09-25,Arizona Diamondbacks,San Francisco Giants,8,2,1
2024-09-25,Oakland Athletics,Texas Rangers,1,5,0
2024-09-25,Los Angeles Dodgers,San Diego Padres,4,3,1
2024-09-26,Pittsburgh Pirates,Milwaukee Brewers,2,5,0
2024-09-26,Washington Nationals,Kansas City Royals,4,7,0
2024-09-26,Detroit Tigers,Tampa Bay Rays,4,3,1
2024-09-26,Chicago White Sox,Los Angeles Angels,7,0,1
2024-09-26,Colorado Rockies,St. Louis Cardinals,10,8,1
2024-09-26,Oakland Athletics,Texas Rangers,3,2,1
2024-09-26,New York Yankees,Baltimore Orioles,10,1,1
2024-09-26,Minnesota Twins,Miami Marlins,6,8,0
2024-09-26,Los Angeles Dodgers,San Diego Padres,7,2,1
2024-09-27,Chicago Cubs,Cincinnati Reds,1,0,1
2024-09-27,Detroit Tigers,Chicago White Sox,4,1,1
2024-09-27,Washington Nationals,Philadelphia Phillies,9,1,1
2024-09-27,New York Yankees,Pittsburgh Pirates,2,4,0
2024-09-27,Toronto Blue Jays,Miami Marlins,5,15,0
2024-09-27,Cleveland Guardians,Houston Astros,2,5,0
2024-09-27,Boston Red Sox,Tampa Bay Rays,1,2,0
2024-09-27,Atlanta Braves,Kansas City Royals,3,0,1
2024-09-27,Colorado Rockies,Los Angeles Dodgers,4,11,0
2024-09-27,Minnesota Twins,Baltimore Orioles,2,7,0
2024-09-27,Milwaukee Brewers,New York Mets,8,4,1
2024-09-27,Los Angeles Angels,Texas Rangers,2,5,0
2024-09-27,Arizona Diamondbacks,San Diego Padres,3,5,0
2024-09-27,Seattle Mariners,Oakland Athletics,2,0,1
2024-09-27,San Francisco Giants,St. Louis Cardinals,3,6,0
2024-09-28,New York Yankees,Pittsburgh Pirates,4,9,0
2024-09-28,Detroit Tigers,Chicago White Sox,0,4,0
2024-09-28,Chicago Cubs,Cincinnati Reds,3,0,1
2024-09-28,Toronto Blue Jays,Miami Marlins,1,8,0
2024-09-28,San Francisco Giants,St. Louis Cardinals,6,5,1
2024-09-28,Washington Nationals,Philadelphia Phillies,6,3,1
2024-09-28,Boston Red Sox,Tampa Bay Rays,2,7,0
2024-09-28,Cleveland Guardians,Houston Astros,3,4,0
2024-09-28,Minnesota Twins,Baltimore Orioles,2,9,0
2024-09-28,Milwaukee Brewers,New York Mets,6,0,1
2024-09-28,Atlanta Braves,Kansas City Royals,2,1,1
2024-09-28,Colorado Rockies,Los Angeles Dodgers,2,13,0
2024-09-28,Arizona Diamondbacks,San Diego Padres,0,5,0
2024-09-28,Los Angeles Angels,Texas Rangers,8,9,0
2024-09-28,Seattle Mariners,Oakland Athletics,7,6,1
2024-09-29,San Francisco Giants,St. Louis Cardinals,1,6,0
2024-09-29,Boston Red Sox,Tampa Bay Rays,3,1,1
2024-09-29,Washington Nationals,Philadelphia Phillies,3,6,0
2024-09-29,New York Yankees,Pittsburgh Pirates,6,4,1
2024-09-29,Los Angeles Angels,Texas Rangers,0,8,0
2024-09-29,Toronto Blue Jays,Miami Marlins,1,3,0
2024-09-29,Colorado Rockies,Los Angeles Dodgers,1,2,0
2024-09-29,Arizona Diamondbacks,San Diego Padres,11,2,1
2024-09-29,Seattle Mariners,Oakland Athletics,6,4,1
2024-09-29,Minnesota Twins,Baltimore Orioles,2,6,0
2024-09-29,Detroit Tigers,Chicago White Sox,5,9,0
2024-09-29,Milwaukee Brewers,New York Mets,0,5,0
2024-09-29,Chicago Cubs,Cincinnati Reds,0,3,0
2024-09-29,Atlanta Braves,Kansas City Royals,2,4,0
2024-09-30,Atlanta Braves,New York Mets,7,8,0
2024-09-30,Atlanta Braves,New York Mets,3,0,1
